STATION,STATION_NAME,ELEVATION,LATITUDE,LONGITUDE,DATE,REPORTTPYE,HOURLYSKYCONDITIONS,HOURLYVISIBILITY,HOURLYPRSENTWEATHERTYPE,HOURLYDRYBULBTEMPF,HOURLYDRYBULBTEMPC,HOURLYWETBULBTEMPF,HOURLYWETBULBTEMPC,HOURLYDewPointTempF,HOURLYDewPointTempC,HOURLYRelativeHumidity,HOURLYWindSpeed,HOURLYWindDirection,HOURLYWindGustSpeed,HOURLYStationPressure,HOURLYPressureTendency,HOURLYPressureChange,HOURLYSeaLevelPressure,HOURLYPrecip,HOURLYAltimeterSetting,DAILYMaximumDryBulbTemp,DAILYMinimumDryBulbTemp,DAILYAverageDryBulbTemp,DAILYDeptFromNormalAverageTemp,DAILYAverageRelativeHumidity,DAILYAverageDewPointTemp,DAILYAverageWetBulbTemp,DAILYHeatingDegreeDays,DAILYCoolingDegreeDays,DAILYSunrise,DAILYSunset,DAILYWeather,DAILYPrecip,DAILYSnowfall,DAILYSnowDepth,DAILYAverageStationPressure,DAILYAverageSeaLevelPressure,DAILYAverageWindSpeed,DAILYPeakWindSpeed,PeakWindDirection,DAILYSustainedWindSpeed,DAILYSustainedWindDirection,MonthlyMaximumTemp,MonthlyMinimumTemp,MonthlyMeanTemp,MonthlyAverageRH,MonthlyDewpointTemp,MonthlyWetBulbTemp,MonthlyAvgHeatingDegreeDays,MonthlyAvgCoolingDegreeDays,MonthlyStationPressure,MonthlySeaLevelPressure,MonthlyAverageWindSpeed,MonthlyTotalSnowfall,MonthlyDeptFromNormalMaximumTemp,MonthlyDeptFromNormalMinimumTemp,MonthlyDeptFromNormalAverageTemp,MonthlyDeptFromNormalPrecip,MonthlyTotalLiquidPrecip,MonthlyGreatestPrecip,MonthlyGreatestPrecipDate,MonthlyGreatestSnowfall,MonthlyGreatestSnowfallDate,MonthlyGreatestSnowDepth,MonthlyGreatestSnowDepthDate,MonthlyDaysWithGT90Temp,MonthlyDaysWithLT32Temp,MonthlyDaysWithGT32Temp,MonthlyDaysWithLT0Temp,MonthlyDaysWithGT001Precip,MonthlyDaysWithGT010Precip,MonthlyDaysWithGT1Snow,MonthlyMaxSeaLevelPressureValue,MonthlyMaxSeaLevelPressureDate,MonthlyMaxSeaLevelPressureTime,MonthlyMinSeaLevelPressureValue,MonthlyMinSeaLevelPressureDate,MonthlyMinSeaLevelPressureTime,MonthlyTotalHeatingDegreeDays,MonthlyTotalCoolingDegreeDays,MonthlyDeptFromNormalHeatingDD,MonthlyDeptFromNormalCoolingDD,MonthlyTotalSeasonToDateHeatingDD,MonthlyTotalSeasonToDateCoolingDD
WBAN:94789,JFK INTERNATIONAL AIRPORT NY US,3.4,40.6386,-73.7622,01-01-2010 00:51,FM-15,FEW:02 7 SCT:04 13 BKN:07 29,6,-RA:02 PL:06 BR:1 |RA:61 PL:74 |RA:61 PL:79,33,0.6,32,0.1,31,-0.6,92,0,0,,29.97,8,,29.99,0.01,29.99,,,,,,,,,,719,1639,,,,,,,,,,,,,,,,,,,,,,,,,,,,,,,,,,,,,,,,,,,-9999,-9999,,-9999,-9999,,,,,,
WBAN:94789,JFK INTERNATIONAL AIRPORT NY US,3.4,40.6386,-73.7622,01-01-2010 01:00,FM-12,,5.59,||PL:79,33,0.6,32,0.1,31,-0.6,92,0,0,,29.96,8,0.05,29.99,,,34,30,32,-1.7,,,,33,0,719,1639,,,,,,,,,,,,,,,,,,,,,,,,,,,,,,,,,,,,,,,,,,,-9999,-9999,,-9999,-9999,,,,,,
WBAN:94789,JFK INTERNATIONAL AIRPORT NY US,3.4,40.6386,-73.7622,01-01-2010 01:51,FM-15,FEW:02 6 SCT:04 13 OVC:08 35,6,-RA:02 PL:06 BR:1 |RA:61 PL:74 |RA:61 PL:79,33,0.6,33,0.3,32,0,96,0,0,,29.97,,,29.99,0.02,29.99,,,,,,,,,,719,1639,,,,,,,,,,,,,,,,,,,,,,,,,,,,,,,,,,,,,,,,,,,-9999,-9999,,-9999,-9999,,,,,,
WBAN:94789,JFK INTERNATIONAL AIRPORT NY US,3.4,40.6386,-73.7622,01-01-2010 02:03,FM-16,FEW:02 6 SCT:04 13 OVC:08 35,6,-RA:02 BR:1 |RA:61 |RA:61,34,1,33,0.7,32,0,93,0,0,,29.97,,,,T,29.99,,,,,,,,,,719,1639,,,,,,,,,,,,,,,,,,,,,,,,,,,,,,,,,,,,,,,,,,,-9999,-9999,,-9999,-9999,,,,,,
WBAN:94789,JFK INTERNATIONAL AIRPORT NY US,3.4,40.6386,-73.7622,01-01-2010 02:28,FM-16,BKN:07 7 BKN:07 15 OVC:08 35,5,-RA:02 BR:1 |RA:61 |RA:61,34,1,33,0.7,32,0,93,0,0,,29.97,,,,T,29.99,,,,,,,,,,719,1639,,,,,,,,,,,,,,,,,,,,,,,,,,,,,,,,,,,,,,,,,,,-9999,-9999,,-9999,-9999,,,,,,
WBAN:94789,JFK INTERNATIONAL AIRPORT NY US,3.4,40.6386,-73.7622,01-01-2010 02:51,FM-15,BKN:07 7 OVC:08 15,5,-RA:02 BR:1 |RA:61 |RA:61,33,0.6,33,0.3,32,0,96,0,0,,29.97,,,29.99,T,29.99,,,,,,,,,,719,1639,,,,,,,,,,,,,,,,,,,,,,,,,,,,,,,,,,,,,,,,,,,-9999,-9999,,-9999,-9999,,,,,,
WBAN:94789,JFK INTERNATIONAL AIRPORT NY US,3.4,40.6386,-73.7622,01-01-2010 03:51,FM-15,FEW:02 5 OVC:08 12,5,-RA:02 BR:1 |RA:61 |RA:61,33,0.6,33,0.3,32,0,96,0,0,,29.95,8,,29.97,T,29.97,,,,,,,,,,719,1639,,,,,,,,,,,,,,,,,,,,,,,,,,,,,,,,,,,,,,,,,,,-9999,-9999,,-9999,-9999,,,,,,
WBAN:94789,JFK INTERNATIONAL AIRPORT NY US,3.4,40.6386,-73.7622,01-01-2010 04:00,FM-12,,4.97,||RA:61,33,0.6,33,0.3,32,0,96,0,0,,29.94,8,0.03,29.97,,,,,,,,,,,,719,1639,,,,,,,,,,,,,,,,,,,,,,,,,,,,,,,,,,,,,,,,,,,-9999,-9999,,-9999,-9999,,,,,,
WBAN:94789,JFK INTERNATIONAL AIRPORT NY US,3.4,40.6386,-73.7622,01-01-2010 04:51,FM-15,BKN:07 11 OVC:08 35,5,-RA:02 BR:1 |RA:61 |RA:61,33,0.6,32,0.1,31,-0.6,92,0,0,,29.93,,,29.96,T,29.95,,,,,,,,,,719,1639,,,,,,,,,,,,,,,,,,,,,,,,,,,,,,,,,,,,,,,,,,,-9999,-9999,,-9999,-9999,,,,,,
WBAN:94789,JFK INTERNATIONAL AIRPORT NY US,3.4,40.6386,-73.7622,01-01-2010 05:49,FM-16,BKN:07 9,5,BR:1 ||,34,1,32,0.3,30,-1,87,0,0,,29.95,,,,,29.97,,,,,,,,,,719,1639,,,,,,,,,,,,,,,,,,,,,,,,,,,,,,,,,,,,,,,,,,,-9999,-9999,,-9999,-9999,,,,,,
WBAN:94789,JFK INTERNATIONAL AIRPORT NY US,3.4,40.6386,-73.7622,01-01-2010 05:51,FM-15,OVC:08 9,5,BR:1 ||,33,0.6,32,0.1,31,-0.6,92,0,0,,29.95,,,29.97,T,29.97,,,,,,,,,,719,1639,,,,,,,,,,,,,,,,,,,,,,,,,,,,,,,,,,,,,,,,,,,-9999,-9999,,-9999,-9999,,,,,,
WBAN:94789,JFK INTERNATIONAL AIRPORT NY US,3.4,40.6386,-73.7622,01-01-2010 06:51,FM-15,OVC:08 7,4,BR:1 ||,33,0.6,33,0.3,32,0,96,0,0,,29.94,6,,29.96,0,29.96,,,,,,,,,,719,1639,,0.29,,,,,,,,,,,,,,,,,,,,,,,,,,,,,,,,,,,,,,,,,-9999,-9999,,-9999,-9999,,,,,,
WBAN:94789,JFK INTERNATIONAL AIRPORT NY US,3.4,40.6386,-73.7622,01-01-2010 07:00,FM-12,,3.73,,33,0.6,33,0.3,32,0,96,0,0,,29.93,6,0.01,29.96,,,35,,,,,,,,,719,1639,,0.29,,,,,,,,,,,,,,,,,,,,,,,,,,,,,,,,,,,,,,,,,-9999,-9999,,-9999,-9999,,,,,,
WBAN:94789,JFK INTERNATIONAL AIRPORT NY US,3.4,40.6386,-73.7622,01-01-2010 07:19,FM-16,BKN:07 5 OVC:08 9,2,BR:1 ||,34,1,33,0.7,32,0,93,3,220,,29.93,,,,,29.95,,,,,,,,,,719,1639,,,,,,,,,,,,,,,,,,,,,,,,,,,,,,,,,,,,,,,,,,,-9999,-9999,,-9999,-9999,,,,,,
WBAN:94789,JFK INTERNATIONAL AIRPORT NY US,3.4,40.6386,-73.7622,01-01-2010 07:49,FM-16,OVC:08 5,1.25,BR:1 ||,34,1,33,0.7,32,0,93,0,0,,29.93,,,,,29.95,,,,,,,,,,719,1639,,,,,,,,,,,,,,,,,,,,,,,,,,,,,,,,,,,,,,,,,,,-9999,-9999,,-9999,-9999,,,,,,
WBAN:94789,JFK INTERNATIONAL AIRPORT NY US,3.4,40.6386,-73.7622,01-01-2010 07:51,FM-15,OVC:08 5,1.25,BR:1 ||,33,0.6,33,0.3,32,0,96,3,270,,29.93,,,29.95,0,29.95,,,,,,,,,,719,1639,,,,,,,,,,,,,,,,,,,,,,,,,,,,,,,,,,,,,,,,,,,-9999,-9999,,-9999,-9999,,,,,,
WBAN:94789,JFK INTERNATIONAL AIRPORT NY US,3.4,40.6386,-73.7622,01-01-2010 08:38,FM-16,OVC:08 18,2,BR:1 ||,34,1,33,0.7,32,0,93,5,260,,29.92,,,,,29.94,,,,,,,,,,719,1639,,,,,,,,,,,,,,,,,,,,,,,,,,,,,,,,,,,,,,,,,,,-9999,-9999,,-9999,-9999,,,,,,
WBAN:94789,JFK INTERNATIONAL AIRPORT NY US,3.4,40.6386,-73.7622,01-01-2010 08:49,FM-16,SCT:04 18 BKN:07 75,2.5,BR:1 ||,34,1,33,0.7,32,0,93,3,250,,29.92,,,,,29.94,,,,,,,,,,719,1639,,,,,,,,,,,,,,,,,,,,,,,,,,,,,,,,,,,,,,,,,,,-9999,-9999,,-9999,-9999,,,,,,
WBAN:94789,JFK INTERNATIONAL AIRPORT NY US,3.4,40.6386,-73.7622,01-01-2010 08:51,FM-15,SCT:04 18 BKN:07 75,2.5,BR:1 ||,34,1.1,33,0.7,32,0,92,3,250,,29.92,,,29.94,0,29.94,,,,,,,,,,719,1639,,,,,,,,,,,,,,,,,,,,,,,,,,,,,,,,,,,,,,,,,,,-9999,-9999,,-9999,-9999,,,,,,
WBAN:94789,JFK INTERNATIONAL AIRPORT NY US,3.4,40.6386,-73.7622,01-01-2010 09:51,FM-15,SCT:04 11 OVC:08 75,2.5,BR:1 ||,35,1.7,34,1,32,0,89,6,250,,29.91,6,,29.93,0,29.93,,,,,,,,,,719,1639,,,,,,,,,,,,,,,,,,,,,,,,,,,,,,,,,,,,,,,,,,,-9999,-9999,,-9999,-9999,,,,,,
WBAN:94789,JFK INTERNATIONAL AIRPORT NY US,3.4,40.6386,-73.7622,01-01-2010 10:00,FM-12,,2.49,,35,1.7,34,1,32,0,89,6,250,,29.9,6,0.02,29.93,,,,,,,,,,,,719,1639,,,,,,,,,,,,,,,,,,,,,,,,,,,,,,,,,,,,,,,,,,,-9999,-9999,,-9999,-9999,,,,,,
WBAN:94789,JFK INTERNATIONAL AIRPORT NY US,3.4,40.6386,-73.7622,01-01-2010 10:51,FM-15,FEW:02 12 OVC:08 70,5,BR:1 ||,36,2.2,35,1.5,33,0.6,89,5,260,,29.89,,,29.91,0,29.91,,,,,,,,,,719,1639,,,,,,,,,,,,,,,,,,,,,,,,,,,,,,,,,,,,,,,,,,,-9999,-9999,,-9999,-9999,,,,,,
WBAN:94789,JFK INTERNATIONAL AIRPORT NY US,3.4,40.6386,-73.7622,01-01-2010 11:51,FM-15,BKN:07 65,5,BR:1 ||,37,2.8,35,1.9,33,0.6,86,5,240,,29.86,,,29.88,0,29.88,,,,,,,,,,719,1639,,,,,,,,,,,,,,,,,,,,,,,,,,,,,,,,,,,,,,,,,,,-9999,-9999,,-9999,-9999,,,,,,
WBAN:94789,JFK INTERNATIONAL AIRPORT NY US,3.4,40.6386,-73.7622,01-01-2010 12:51,FM-15,SCT:04 18 BKN:07 65,7,,39,3.9,37,2.7,34,1.1,82,6,230,,29.83,8,,29.85,0,29.85,,,,,,,,,,719,1639,,,,,,,,,,,,,,,,,,,,,,,,,,,,,,,,,,,,,,,,,,,-9999,-9999,,-9999,-9999,,,,,,
WBAN:94789,JFK INTERNATIONAL AIRPORT NY US,3.4,40.6386,-73.7622,01-01-2010 13:00,FM-12,,6.84,,39,3.9,37,2.7,34,1.1,82,6,230,,29.82,8,0.09,29.85,,,,33,,,,,,,,719,1639,,,,,,,,,,,,,,,,,,,,,,,,,,,,,,,,,,,,,,,,,,,-9999,-9999,,-9999,-9999,,,,,,
WBAN:94789,JFK INTERNATIONAL AIRPORT NY US,3.4,40.6386,-73.7622,01-01-2010 13:51,FM-15,FEW:02 18 BKN:07 70,9,,39,3.9,36,2.3,32,0,76,9,360,,29.83,,,29.85,0,29.85,,,,,,,,,,719,1639,,,,,,,,,,,,,,,,,,,,,,,,,,,,,,,,,,,,,,,,,,,-9999,-9999,,-9999,-9999,,,,,,
WBAN:94789,JFK INTERNATIONAL AIRPORT NY US,3.4,40.6386,-73.7622,01-01-2010 14:51,FM-15,SCT:04 19 BKN:07 70 BKN:07 250,8,,41,5,37,2.9,32,0,70,7,360,,29.82,,,29.84,0,29.84,,,,,,,,,,719,1639,,,,,,,,,,,,,,,,,,,,,,,,,,,,,,,,,,,,,,,,,,,-9999,-9999,,-9999,-9999,,,,,,
WBAN:94789,JFK INTERNATIONAL AIRPORT NY US,3.4,40.6386,-73.7622,01-01-2010 15:51,FM-15,FEW:02 20 BKN:07 75 BKN:07 250,9,,38,3.3,36,2,32,0,79,7,350,,29.81,8,,29.83,0,29.83,,,,,,,,,,719,1639,,,,,,,,,,,,,,,,,,,,,,,,,,,,,,,,,,,,,,,,,,,-9999,-9999,,-9999,-9999,,,,,,
WBAN:94789,JFK INTERNATIONAL AIRPORT NY US,3.4,40.6386,-73.7622,01-01-2010 16:00,FM-12,,8.7,,38,3.3,36,2,32,0,79,7,350,,29.8,8,0.02,29.83,,,,,,,,,,,,719,1639,,,,,,,,,,,,,,,,,,,,,,,,,,,,,,,,,,,,,,,,,,,-9999,-9999,,-9999,-9999,,,,,,
WBAN:94789,JFK INTERNATIONAL AIRPORT NY US,3.4,40.6386,-73.7622,01-01-2010 16:51,FM-15,BKN:07 36 BKN:07 75 BKN:07 250,8,,39,3.9,36,2.3,32,0,76,6,360,,29.81,,,29.83,0,29.83,,,,,,,,,,719,1639,,,,,,,,,,,,,,,,,,,,,,,,,,,,,,,,,,,,,,,,,,,-9999,-9999,,-9999,-9999,,,,,,
WBAN:94789,JFK INTERNATIONAL AIRPORT NY US,3.4,40.6386,-73.7622,01-01-2010 17:51,FM-15,FEW:02 30 BKN:07 42 BKN:07 70,8,,38,3.3,36,2,32,0,79,6,330,,29.79,,,29.81,0,29.81,,,,,,,,,,719,1639,,,,,,,,,,,,,,,,,,,,,,,,,,,,,,,,,,,,,,,,,,,-9999,-9999,,-9999,-9999,,,,,,
WBAN:94789,JFK INTERNATIONAL AIRPORT NY US,3.4,40.6386,-73.7622,01-01-2010 18:51,FM-15,BKN:07 46 BKN:07 250,10,,40,4.4,36,2.4,31,-0.6,70,9,330,,29.78,8,,29.81,0,29.8,,,,,,,,,,719,1639,,,,,,,,,,,,,,,,,,,,,,,,,,,,,,,,,,,,,,,,,,,-9999,-9999,,-9999,-9999,,,,,,
WBAN:94789,JFK INTERNATIONAL AIRPORT NY US,3.4,40.6386,-73.7622,01-01-2010 19:00,FM-12,,9.94,,40,4.4,36,2.4,31,-0.6,70,9,330,,29.77,8,0.02,29.81,,,,,,,,,,,,719,1639,,,,,,,,,,,,,,,,,,,,,,,,,,,,,,,,,,,,,,,,,,,-9999,-9999,,-9999,-9999,,,,,,
WBAN:94789,JFK INTERNATIONAL AIRPORT NY US,3.4,40.6386,-73.7622,01-01-2010 19:51,FM-15,BKN:07 55 BKN:07 75 OVC:08 250,10,,39,3.9,35,1.9,30,-1.1,70,9,310,,29.76,,,29.78,0,29.78,,,,,,,,,,719,1639,,,,,,,,,,,,,,,,,,,,,,,,,,,,,,,,,,,,,,,,,,,-9999,-9999,,-9999,-9999,,,,,,
WBAN:94789,JFK INTERNATIONAL AIRPORT NY US,3.4,40.6386,-73.7622,01-01-2010 20:51,FM-15,SCT:04 50 OVC:08 70,10,,39,3.9,35,1.9,30,-1.1,70,14,320,,29.75,,,29.77,0,29.77,,,,,,,,,,719,1639,,,,,,,,,,,,,,,,,,,,,,,,,,,,,,,,,,,,,,,,,,,-9999,-9999,,-9999,-9999,,,,,,
WBAN:94789,JFK INTERNATIONAL AIRPORT NY US,3.4,40.6386,-73.7622,01-01-2010 21:51,FM-15,FEW:02 50 OVC:08 75,10,,38,3.3,34,1.4,29,-1.7,70,9,320,,29.73,7,,29.75,0,29.75,,,,,,,,,,719,1639,,,,,,,,,,,,,,,,,,,,,,,,,,,,,,,,,,,,,,,,,,,-9999,-9999,,-9999,-9999,,,,,,
WBAN:94789,JFK INTERNATIONAL AIRPORT NY US,3.4,40.6386,-73.7622,01-01-2010 22:00,FM-12,,9.94,,38,3.3,34,1.4,29,-1.7,70,9,320,,29.72,7,0.06,29.75,,,,,,,,,,,,719,1639,,,,,,,,,,,,,,,,,,,,,,,,,,,,,,,,,,,,,,,,,,,-9999,-9999,,-9999,-9999,,,,,,
WBAN:94789,JFK INTERNATIONAL AIRPORT NY US,3.4,40.6386,-73.7622,01-01-2010 22:51,FM-15,FEW:02 24 OVC:08 37,10,-RA:02 SN:03 |RA:61 SN:71 |RA:61,37,2.8,34,1,29,-1.7,73,13,310,,29.71,,,29.73,T,29.73,,,,,,,,,,719,1639,,,,,,,,,,,,,,,,,,,,,,,,,,,,,,,,,,,,,,,,,,,-9999,-9999,,-9999,-9999,,,,,,
WBAN:94789,JFK INTERNATIONAL AIRPORT NY US,3.4,40.6386,-73.7622,01-01-2010 23:28,FM-16,SCT:04 22 OVC:08 29,8,-SN:03 |SN:71 |,36,2,34,0.9,30,-1,81,13,320,,29.71,,,,T,29.73,,,,,,,,,,719,1639,,,,,,,,,,,,,,,,,,,,,,,,,,,,,,,,,,,,,,,,,,,-9999,-9999,,-9999,-9999,,,,,,
WBAN:94789,JFK INTERNATIONAL AIRPORT NY US,3.4,40.6386,-73.7622,01-01-2010 23:45,FM-16,FEW:02 15 BKN:07 23 OVC:08 31,6,-SN:03 BR:1 |SN:71 |,34,1,32,0.2,30,-1,87,13,310,,29.7,,,,T,29.72,,,,,,,,,,719,1639,,,,,,,,,,,,,,,,,,,,,,,,,,,,,,,,,,,,,,,,,,,-9999,-9999,,-9999,-9999,,,,,,
WBAN:94789,JFK INTERNATIONAL AIRPORT NY US,3.4,40.6386,-73.7622,01-01-2010 23:51,FM-15,FEW:02 15 BKN:07 23 OVC:08 31,3,-SN:03 BR:1 |SN:71 |,34,1.1,32,0.2,30,-1.1,85,14,310,,29.7,,,29.72,0.01,29.72,,,,,,,,,,719,1639,,,,,,,,,,,,,,,,,,,,,,,,,,,,,,,,,,,,,,,,,,,-9999,-9999,,-9999,-9999,,,,,,
WBAN:94789,JFK INTERNATIONAL AIRPORT NY US,3.4,40.6386,-73.7622,01-01-2010 23:59,SOD,,,,,,,,,,,,,,,,,,,,41,32,36,2.3,84,32,34,29,0,719,1639,RA:16 SN:18 PL:04 BR:13,0.04,T,T,29.87,29.87,5.4,23,320,20,320,,,,,,,,,,,,T,,,,,,,,,,,,,,,,,,,,-9999,-9999,,-9999,-9999,,,,,,
WBAN:94789,JFK INTERNATIONAL AIRPORT NY US,3.4,40.6386,-73.7622,02-01-2010 00:49,FM-16,FEW:02 25 BKN:07 30 OVC:08 40,5,-SN:03 |SN:71 |,34,1,31,-0.3,27,-3,75,17,310,,29.69,,,,,29.71,,,,,,,,,,719,1639,,,,,,,,,,,,,,,,,,,,,,,,,,,,,,,,,,,,,,,,,,,-9999,-9999,,-9999,-9999,,,,,,
WBAN:94789,JFK INTERNATIONAL AIRPORT NY US,3.4,40.6386,-73.7622,02-01-2010 00:51,FM-15,FEW:02 25 BKN:07 30 OVC:08 40,5,-SN:03 |SN:71 |,33,0.6,31,-0.7,27,-2.8,78,17,310,,29.68,8,,29.7,T,29.7,,,,,,,,,,719,1639,,,,,,,,,,,,,,,,,,,,,,,,,,,,,,,,,,,,,,,,,,,-9999,-9999,,-9999,-9999,,,,,,
WBAN:94789,JFK INTERNATIONAL AIRPORT NY US,3.4,40.6386,-73.7622,02-01-2010 01:00,FM-12,,4.97,,33,0.6,31,-0.7,27,-2.8,78,17,310,,29.67,8,0.04,29.7,,,40,32,36,2.4,,,,29,0,719,1639,,,,,,,,,,,,,,,,,,,,,,,,,,,,,,,,,,,,,,,,,,,-9999,-9999,,-9999,-9999,,,,,,
WBAN:94789,JFK INTERNATIONAL AIRPORT NY US,3.4,40.6386,-73.7622,02-01-2010 01:51,FM-15,OVC:08 30,8,-SN:03 |SN:71 |,32,0,29,-1.8,23,-5,69,21,320,26,29.68,,,29.7,T,29.7,,,,,,,,,,719,1639,,,,,,,,,,,,,,,,,,,,,,,,,,,,,,,,,,,,,,,,,,,-9999,-9999,,-9999,-9999,,,,,,
WBAN:94789,JFK INTERNATIONAL AIRPORT NY US,3.4,40.6386,-73.7622,02-01-2010 02:51,FM-15,OVC:08 33,8,-SN:03 |SN:71 |,31,-0.6,28,-2.1,23,-5,72,21,310,26,29.68,,,29.7,T,29.7,,,,,,,,,,719,1639,,,,,,,,,,,,,,,,,,,,,,,,,,,,,,,,,,,,,,,,,,,-9999,-9999,,-9999,-9999,,,,,,
WBAN:94789,JFK INTERNATIONAL AIRPORT NY US,3.4,40.6386,-73.7622,02-01-2010 03:51,FM-15,SCT:04 35 OVC:08 46,10,-SN:03 |SN:71 |,30,-1.1,27,-2.6,22,-5.6,72,23,310,,29.67,8,,29.7,T,29.69,,,,,,,,,,719,1639,,,,,,,,,,,,,,,,,,,,,,,,,,,,,,,,,,,,,,,,,,,-9999,-9999,,-9999,-9999,,,,,,
WBAN:94789,JFK INTERNATIONAL AIRPORT NY US,3.4,40.6386,-73.7622,02-01-2010 04:00,FM-12,,9.94,,30,-1.1,27,-2.6,22,-5.6,72,23,310,,29.66,8,0.01,29.7,,,,,,,,,,,,719,1639,,,,,,,,,,,,,,,,,,,,,,,,,,,,,,,,,,,,,,,,,,,-9999,-9999,,-9999,-9999,,,,,,
WBAN:94789,JFK INTERNATIONAL AIRPORT NY US,3.4,40.6386,-73.7622,02-01-2010 04:51,FM-15,FEW:02 35 OVC:08 46,7,-SN:03 |SN:71 |,29,-1.7,27,-3,22,-5.6,75,20,310,,29.67,,,29.69,T,29.69,,,,,,,,,,719,1639,,,,,,,,,,,,,,,,,,,,,,,,,,,,,,,,,,,,,,,,,,,-9999,-9999,,-9999,-9999,,,,,,
WBAN:94789,JFK INTERNATIONAL AIRPORT NY US,3.4,40.6386,-73.7622,02-01-2010 05:51,FM-15,SCT:04 17 SCT:04 30 OVC:08 55,6,-SN:03 |SN:71 |,28,-2.2,26,-3.2,23,-5,81,18,310,23,29.66,,,29.68,T,29.68,,,,,,,,,,719,1639,,,,,,,,,,,,,,,,,,,,,,,,,,,,,,,,,,,,,,,,,,,-9999,-9999,,-9999,-9999,,,,,,
WBAN:94789,JFK INTERNATIONAL AIRPORT NY US,3.4,40.6386,-73.7622,02-01-2010 06:51,FM-15,FEW:02 32 BKN:07 60 OVC:08 110,7,-SN:03 |SN:71 |,28,-2.2,26,-3.5,21,-6.1,75,18,310,26,29.65,8,,29.67,T,29.67,,,,,,,,,,719,1639,,0.01,,,,,,,,,,,,,,,,,,,,,,,,,,,,,,,,,,,,,,,,,-9999,-9999,,-9999,-9999,,,,,,
WBAN:94789,JFK INTERNATIONAL AIRPORT NY US,3.4,40.6386,-73.7622,02-01-2010 07:00,FM-12,,6.84,,28,-2.2,26,-3.5,21,-6.1,75,18,310,,29.64,8,0.02,29.67,,,41,,,,,,,,,719,1639,,0.01,,,,,,,,,,,,,,,,,,,,,,,,,,,,,,,,,,,,,,,,,-9999,-9999,,-9999,-9999,,,,,,
WBAN:94789,JFK INTERNATIONAL AIRPORT NY US,3.4,40.6386,-73.7622,02-01-2010 07:51,FM-15,FEW:02 27 BKN:07 55 BKN:07 100,10,,29,-1.7,26,-3.5,19,-7.2,66,18,310,29,29.65,,,29.67,T,29.67,,,,,,,,,,719,1639,,,,,,,,,,,,,,,,,,,,,,,,,,,,,,,,,,,,,,,,,,,-9999,-9999,,-9999,-9999,,,,,,
WBAN:94789,JFK INTERNATIONAL AIRPORT NY US,3.4,40.6386,-73.7622,02-01-2010 08:51,FM-15,FEW:02 25 SCT:04 55 BKN:07 80,10,,29,-1.7,25,-3.8,17,-8.3,61,23,310,31,29.65,,,29.67,0,29.67,,,,,,,,,,719,1639,,,,,,,,,,,,,,,,,,,,,,,,,,,,,,,,,,,,,,,,,,,-9999,-9999,,-9999,-9999,,,,,,
WBAN:94789,JFK INTERNATIONAL AIRPORT NY US,3.4,40.6386,-73.7622,02-01-2010 09:51,FM-15,FEW:02 28 SCT:04 43 BKN:07 70,10,,28,-2.2,24,-4.5,15,-9.4,58,24,320,32,29.65,5,,29.67,0,29.67,,,,,,,,,,719,1639,,,,,,,,,,,,,,,,,,,,,,,,,,,,,,,,,,,,,,,,,,,-9999,-9999,,-9999,-9999,,,,,,
WBAN:94789,JFK INTERNATIONAL AIRPORT NY US,3.4,40.6386,-73.7622,02-01-2010 10:00,FM-12,,9.94,,28,-2.2,24,-4.5,15,-9.4,58,24,320,,29.64,5,0,29.67,,,,,,,,,,,,719,1639,,,,,,,,,,,,,,,,,,,,,,,,,,,,,,,,,,,,,,,,,,,-9999,-9999,,-9999,-9999,,,,,,
WBAN:94789,JFK INTERNATIONAL AIRPORT NY US,3.4,40.6386,-73.7622,02-01-2010 10:51,FM-15,FEW:02 33 BKN:07 60 OVC:08 100,10,,28,-2.2,23,-4.7,13,-10.6,53,25,330,36,29.64,,,29.66,0,29.66,,,,,,,,,,719,1639,,,,,,,,,,,,,,,,,,,,,,,,,,,,,,,,,,,,,,,,,,,-9999,-9999,,-9999,-9999,,,,,,
WBAN:94789,JFK INTERNATIONAL AIRPORT NY US,3.4,40.6386,-73.7622,02-01-2010 11:51,FM-15,FEW:02 16 BKN:07 33 OVC:08 80,7,-SN:03 |SN:71 |,26,-3.3,23,-5.2,15,-9.4,63,23,320,34,29.62,,,29.64,T,29.64,,,,,,,,,,719,1639,,,,,,,,,,,,,,,,,,,,,,,,,,,,,,,,,,,,,,,,,,,-9999,-9999,,-9999,-9999,,,,,,
WBAN:94789,JFK INTERNATIONAL AIRPORT NY US,3.4,40.6386,-73.7622,02-01-2010 12:51,FM-15,FEW:02 25 SCT:04 55 BKN:07 100,10,,27,-2.8,23,-5.2,12,-11.1,53,24,320,32,29.61,8,,29.63,T,29.63,,,,,,,,,,719,1639,,,,,,,,,,,,,,,,,,,,,,,,,,,,,,,,,,,,,,,,,,,-9999,-9999,,-9999,-9999,,,,,,
WBAN:94789,JFK INTERNATIONAL AIRPORT NY US,3.4,40.6386,-73.7622,02-01-2010 13:00,FM-12,,9.94,,27,-2.8,23,-5.2,12,-11.1,53,24,320,,29.6,8,0.04,29.63,,,,26,,,,,,,,719,1639,,,,,,,,,,,,,,,,,,,,,,,,,,,,,,,,,,,,,,,,,,,-9999,-9999,,-9999,-9999,,,,,,
WBAN:94789,JFK INTERNATIONAL AIRPORT NY US,3.4,40.6386,-73.7622,02-01-2010 13:51,FM-15,SCT:04 34 BKN:07 60 OVC:08 100,10,,27,-2.8,22,-5.4,11,-11.7,51,25,320,32,29.6,,,29.62,0,29.62,,,,,,,,,,719,1639,,,,,,,,,,,,,,,,,,,,,,,,,,,,,,,,,,,,,,,,,,,-9999,-9999,,-9999,-9999,,,,,,
WBAN:94789,JFK INTERNATIONAL AIRPORT NY US,3.4,40.6386,-73.7622,02-01-2010 14:51,FM-15,FEW:02 32 OVC:08 55,10,,27,-2.8,22,-5.5,10,-12.2,49,21,310,32,29.62,,,29.64,0,29.64,,,,,,,,,,719,1639,,,,,,,,,,,,,,,,,,,,,,,,,,,,,,,,,,,,,,,,,,,-9999,-9999,,-9999,-9999,,,,,,
WBAN:94789,JFK INTERNATIONAL AIRPORT NY US,3.4,40.6386,-73.7622,02-01-2010 15:51,FM-15,FEW:02 32 BKN:07 47 BKN:07 70,10,,26,-3.3,21,-6,9,-12.8,48,28,310,36,29.63,3,,29.65,0,29.65,,,,,,,,,,719,1639,,,,,,,,,,,,,,,,,,,,,,,,,,,,,,,,,,,,,,,,,,,-9999,-9999,,-9999,-9999,,,,,,
WBAN:94789,JFK INTERNATIONAL AIRPORT NY US,3.4,40.6386,-73.7622,02-01-2010 16:00,FM-12,,9.94,,26,-3.3,21,-6,9,-12.8,48,28,310,,29.62,3,-0.02,29.65,,,,,,,,,,,,719,1639,,,,,,,,,,,,,,,,,,,,,,,,,,,,,,,,,,,,,,,,,,,-9999,-9999,,-9999,-9999,,,,,,
WBAN:94789,JFK INTERNATIONAL AIRPORT NY US,3.4,40.6386,-73.7622,02-01-2010 16:51,FM-15,FEW:02 50 BKN:07 70 BKN:07 110,10,,24,-4.4,19,-7,7,-13.9,48,31,320,40,29.64,,,29.66,0,29.66,,,,,,,,,,719,1639,,,,,,,,,,,,,,,,,,,,,,,,,,,,,,,,,,,,,,,,,,,-9999,-9999,,-9999,-9999,,,,,,
WBAN:94789,JFK INTERNATIONAL AIRPORT NY US,3.4,40.6386,-73.7622,02-01-2010 17:51,FM-15,FEW:02 80 BKN:07 110 BKN:07 250,10,,22,-5.6,18,-7.8,6,-14.4,50,32,310,40,29.66,,,29.68,0,29.68,,,,,,,,,,719,1639,,,,,,,,,,,,,,,,,,,,,,,,,,,,,,,,,,,,,,,,,,,-9999,-9999,,-9999,-9999,,,,,,
WBAN:94789,JFK INTERNATIONAL AIRPORT NY US,3.4,40.6386,-73.7622,02-01-2010 18:51,FM-15,FEW:02 110 BKN:07 250,10,,21,-6.1,17,-8.3,5,-15,50,23,310,39,29.67,1,,29.69,0,29.69,,,,,,,,,,719,1639,,,,,,,,,,,,,,,,,,,,,,,,,,,,,,,,,,,,,,,,,,,-9999,-9999,,-9999,-9999,,,,,,
WBAN:94789,JFK INTERNATIONAL AIRPORT NY US,3.4,40.6386,-73.7622,02-01-2010 19:00,FM-12,,9.94,,21,-6.1,17,-8.3,5,-15,50,23,310,,29.66,1,-0.04,29.69,,,,,,,,,,,,719,1640,,,,,,,,,,,,,,,,,,,,,,,,,,,,,,,,,,,,,,,,,,,-9999,-9999,,-9999,-9999,,,,,,
WBAN:94789,JFK INTERNATIONAL AIRPORT NY US,3.4,40.6386,-73.7622,02-01-2010 19:51,FM-15,FEW:02 110 SCT:04 250,10,,19,-7.2,15,-9.2,4,-15.6,51,31,310,38,29.67,,,29.69,0,29.69,,,,,,,,,,719,1640,,,,,,,,,,,,,,,,,,,,,,,,,,,,,,,,,,,,,,,,,,,-9999,-9999,,-9999,-9999,,,,,,
WBAN:94789,JFK INTERNATIONAL AIRPORT NY US,3.4,40.6386,-73.7622,02-01-2010 20:51,FM-15,FEW:02 110 SCT:04 250,10,,18,-7.8,14,-9.7,3,-16.1,52,25,310,39,29.67,,,29.69,0,29.69,,,,,,,,,,719,1640,,,,,,,,,,,,,,,,,,,,,,,,,,,,,,,,,,,,,,,,,,,-9999,-9999,,-9999,-9999,,,,,,
WBAN:94789,JFK INTERNATIONAL AIRPORT NY US,3.4,40.6386,-73.7622,02-01-2010 21:51,FM-15,FEW:02 110 SCT:04 250,10,,18,-7.8,14,-9.7,3,-16.1,52,23,310,33,29.65,8,,29.67,0,29.67,,,,,,,,,,719,1640,,,,,,,,,,,,,,,,,,,,,,,,,,,,,,,,,,,,,,,,,,,-9999,-9999,,-9999,-9999,,,,,,
WBAN:94789,JFK INTERNATIONAL AIRPORT NY US,3.4,40.6386,-73.7622,02-01-2010 22:00,FM-12,,9.94,,18,-7.8,14,-9.7,3,-16.1,52,23,310,,29.64,8,0.01,29.67,,,,,,,,,,,,719,1640,,,,,,,,,,,,,,,,,,,,,,,,,,,,,,,,,,,,,,,,,,,-9999,-9999,,-9999,-9999,,,,,,
WBAN:94789,JFK INTERNATIONAL AIRPORT NY US,3.4,40.6386,-73.7622,02-01-2010 22:51,FM-15,FEW:02 250,10,,17,-8.3,14,-10.1,3,-16.1,54,24,300,36,29.64,,,29.66,0,29.66,,,,,,,,,,719,1640,,,,,,,,,,,,,,,,,,,,,,,,,,,,,,,,,,,,,,,,,,,-9999,-9999,,-9999,-9999,,,,,,
WBAN:94789,JFK INTERNATIONAL AIRPORT NY US,3.4,40.6386,-73.7622,02-01-2010 23:51,FM-15,FEW:02 50 SCT:04 250,10,,18,-7.8,14,-9.7,3,-16.1,52,29,300,43,29.62,,,29.64,0,29.64,,,,,,,,,,719,1640,,,,,,,,,,,,,,,,,,,,,,,,,,,,,,,,,,,,,,,,,,,-9999,-9999,,-9999,-9999,,,,,,
WBAN:94789,JFK INTERNATIONAL AIRPORT NY US,3.4,40.6386,-73.7622,02-01-2010 23:59,SOD,,,,,,,,,,,,,,,,,,,,33,17,25,-8.6,59,13,22,40,0,719,1640,SN:18,T,0.1,T,29.65,29.67,23.7,45,300,35,300,,,,,,,,,,,,0.1,,,,,,,,,,,,,,,,,,,,-9999,-9999,,-9999,-9999,,,,,,
WBAN:94789,JFK INTERNATIONAL AIRPORT NY US,3.4,40.6386,-73.7622,03-01-2010 00:51,FM-15,FEW:02 50 SCT:04 110 SCT:04 250,10,,18,-7.8,14,-9.7,3,-16.1,52,30,300,47,29.59,8,,29.61,0,29.61,,,,,,,,,,719,1640,,,,,,,,,,,,,,,,,,,,,,,,,,,,,,,,,,,,,,,,,,,-9999,-9999,,-9999,-9999,,,,,,
WBAN:94789,JFK INTERNATIONAL AIRPORT NY US,3.4,40.6386,-73.7622,03-01-2010 01:00,FM-12,,9.94,,18,-7.8,14,-9.7,3,-16.1,52,30,300,,29.58,8,0.06,29.61,,,33,17,25,-8.4,,,,40,0,719,1640,,,,,,,,,,,,,,,,,,,,,,,,,,,,,,,,,,,,,,,,,,,-9999,-9999,,-9999,-9999,,,,,,
WBAN:94789,JFK INTERNATIONAL AIRPORT NY US,3.4,40.6386,-73.7622,03-01-2010 01:51,FM-15,FEW:02 110 SCT:04 250,10,,18,-7.8,14,-9.7,3,-16.1,52,30,290,39,29.58,,,29.6,0,29.6,,,,,,,,,,719,1640,,,,,,,,,,,,,,,,,,,,,,,,,,,,,,,,,,,,,,,,,,,-9999,-9999,,-9999,-9999,,,,,,
WBAN:94789,JFK INTERNATIONAL AIRPORT NY US,3.4,40.6386,-73.7622,03-01-2010 02:51,FM-15,FEW:02 50 SCT:04 110 SCT:04 250,10,,18,-7.8,14,-9.7,3,-16.1,52,21,290,34,29.56,,,29.58,0,29.58,,,,,,,,,,719,1640,,,,,,,,,,,,,,,,,,,,,,,,,,,,,,,,,,,,,,,,,,,-9999,-9999,,-9999,-9999,,,,,,
WBAN:94789,JFK INTERNATIONAL AIRPORT NY US,3.4,40.6386,-73.7622,03-01-2010 03:51,FM-15,FEW:02 50 SCT:04 110 SCT:04 250,10,,18,-7.8,14,-9.7,3,-16.1,52,22,290,34,29.53,8,,29.55,0,29.55,,,,,,,,,,719,1640,,,,,,,,,,,,,,,,,,,,,,,,,,,,,,,,,,,,,,,,,,,-9999,-9999,,-9999,-9999,,,,,,
WBAN:94789,JFK INTERNATIONAL AIRPORT NY US,3.4,40.6386,-73.7622,03-01-2010 04:00,FM-12,,9.94,,18,-7.8,14,-9.7,3,-16.1,52,22,290,,29.52,8,0.06,29.55,,,,,,,,,,,,719,1640,,,,,,,,,,,,,,,,,,,,,,,,,,,,,,,,,,,,,,,,,,,-9999,-9999,,-9999,-9999,,,,,,
WBAN:94789,JFK INTERNATIONAL AIRPORT NY US,3.4,40.6386,-73.7622,03-01-2010 04:51,FM-15,FEW:02 40 SCT:04 110,10,,18,-7.8,14,-9.7,3,-16.1,52,23,300,39,29.51,,,29.53,0,29.53,,,,,,,,,,719,1640,,,,,,,,,,,,,,,,,,,,,,,,,,,,,,,,,,,,,,,,,,,-9999,-9999,,-9999,-9999,,,,,,
WBAN:94789,JFK INTERNATIONAL AIRPORT NY US,3.4,40.6386,-73.7622,03-01-2010 05:51,FM-15,FEW:02 40 SCT:04 80 BKN:07 110,10,,19,-7.2,15,-9.3,3,-16.1,49,24,290,34,29.49,,,29.51,0,29.51,,,,,,,,,,719,1640,,,,,,,,,,,,,,,,,,,,,,,,,,,,,,,,,,,,,,,,,,,-9999,-9999,,-9999,-9999,,,,,,
WBAN:94789,JFK INTERNATIONAL AIRPORT NY US,3.4,40.6386,-73.7622,03-01-2010 06:51,FM-15,FEW:02 35 SCT:04 55 BKN:07 130,10,,19,-7.2,15,-9.2,4,-15.6,51,26,300,34,29.47,8,,29.49,0,29.49,,,,,,,,,,719,1640,,,,,,,,,,,,,,,,,,,,,,,,,,,,,,,,,,,,,,,,,,,-9999,-9999,,-9999,-9999,,,,,,
WBAN:94789,JFK INTERNATIONAL AIRPORT NY US,3.4,40.6386,-73.7622,03-01-2010 07:00,FM-12,,9.94,,19,-7.2,15,-9.2,4,-15.6,51,26,300,,29.46,8,0.06,29.49,,,33,,,,,,,,,719,1640,,,,,,,,,,,,,,,,,,,,,,,,,,,,,,,,,,,,,,,,,,,-9999,-9999,,-9999,-9999,,,,,,
WBAN:94789,JFK INTERNATIONAL AIRPORT NY US,3.4,40.6386,-73.7622,03-01-2010 07:51,FM-15,FEW:02 37 SCT:04 70 BKN:07 120,10,,20,-6.7,16,-8.7,5,-15,52,23,300,36,29.46,,,29.48,0,29.48,,,,,,,,,,719,1640,,,,,,,,,,,,,,,,,,,,,,,,,,,,,,,,,,,,,,,,,,,-9999,-9999,,-9999,-9999,,,,,,
WBAN:94789,JFK INTERNATIONAL AIRPORT NY US,3.4,40.6386,-73.7622,03-01-2010 08:51,FM-15,SCT:04 42 BKN:07 90 OVC:08 130,10,,21,-6.1,17,-8.4,5,-15,50,22,300,33,29.47,,,29.49,0,29.49,,,,,,,,,,719,1640,,,,,,,,,,,,,,,,,,,,,,,,,,,,,,,,,,,,,,,,,,,-9999,-9999,,-9999,-9999,,,,,,
WBAN:94789,JFK INTERNATIONAL AIRPORT NY US,3.4,40.6386,-73.7622,03-01-2010 09:51,FM-15,SCT:04 42 BKN:07 70 OVC:08 130,10,,22,-5.6,18,-8,5,-15,48,22,310,40,29.47,3,,29.49,0,29.49,,,,,,,,,,719,1640,,,,,,,,,,,,,,,,,,,,,,,,,,,,,,,,,,,,,,,,,,,-9999,-9999,,-9999,-9999,,,,,,
WBAN:94789,JFK INTERNATIONAL AIRPORT NY US,3.4,40.6386,-73.7622,03-01-2010 10:00,FM-12,,9.94,,22,-5.6,18,-8,5,-15,48,22,310,,29.46,3,0,29.49,,,,,,,,,,,,719,1640,,,,,,,,,,,,,,,,,,,,,,,,,,,,,,,,,,,,,,,,,,,-9999,-9999,,-9999,-9999,,,,,,
WBAN:94789,JFK INTERNATIONAL AIRPORT NY US,3.4,40.6386,-73.7622,03-01-2010 10:51,FM-15,BKN:07 40 BKN:07 95 OVC:08 250,8,-SN:03 |SN:71 |,23,-5,19,-7.5,6,-14.4,48,22,310,36,29.47,,,29.49,T,29.49,,,,,,,,,,719,1640,,,,,,,,,,,,,,,,,,,,,,,,,,,,,,,,,,,,,,,,,,,-9999,-9999,,-9999,-9999,,,,,,
WBAN:94789,JFK INTERNATIONAL AIRPORT NY US,3.4,40.6386,-73.7622,03-01-2010 11:51,FM-15,FEW:02 38 BKN:07 80 BKN:07 250,10,,22,-5.6,17,-8.1,4,-15.6,46,33,310,46,29.45,,,29.47,T,29.47,,,,,,,,,,719,1640,,,,,,,,,,,,,,,,,,,,,,,,,,,,,,,,,,,,,,,,,,,-9999,-9999,,-9999,-9999,,,,,,
WBAN:94789,JFK INTERNATIONAL AIRPORT NY US,3.4,40.6386,-73.7622,03-01-2010 12:51,FM-15,FEW:02 39 BKN:07 60 BKN:07 90,10,,23,-5,18,-7.7,4,-15.6,44,29,310,37,29.45,5,,29.47,0,29.47,,,,,,,,,,719,1640,,,,,,,,,,,,,,,,,,,,,,,,,,,,,,,,,,,,,,,,,,,-9999,-9999,,-9999,-9999,,,,,,
WBAN:94789,JFK INTERNATIONAL AIRPORT NY US,3.4,40.6386,-73.7622,03-01-2010 13:00,FM-12,,9.94,,23,-5,18,-7.7,4,-15.6,44,29,310,,29.44,5,0.01,29.47,,,,19,,,,,,,,719,1640,,,,,,,,,,,,,,,,,,,,,,,,,,,,,,,,,,,,,,,,,,,-9999,-9999,,-9999,-9999,,,,,,
WBAN:94789,JFK INTERNATIONAL AIRPORT NY US,3.4,40.6386,-73.7622,03-01-2010 13:49,FM-16,BKN:07 28 OVC:08 39,6,-SN:03 |SN:71 |,23,-5,19,-7.1,9,-13,54,28,310,34,29.46,,,,,29.48,,,,,,,,,,719,1640,,,,,,,,,,,,,,,,,,,,,,,,,,,,,,,,,,,,,,,,,,,-9999,-9999,,-9999,-9999,,,,,,
WBAN:94789,JFK INTERNATIONAL AIRPORT NY US,3.4,40.6386,-73.7622,03-01-2010 13:51,FM-15,BKN:07 28 OVC:08 39,6,-SN:03 |SN:71 |,23,-5,19,-7.1,9,-12.8,55,29,310,34,29.46,,,29.48,T,29.48,,,,,,,,,,719,1640,,,,,,,,,,,,,,,,,,,,,,,,,,,,,,,,,,,,,,,,,,,-9999,-9999,,-9999,-9999,,,,,,
WBAN:94789,JFK INTERNATIONAL AIRPORT NY US,3.4,40.6386,-73.7622,03-01-2010 14:49,FM-16,FEW:02 28 BKN:07 36 BKN:07 80,10,-SN:03 |SN:71 |,21,-6,18,-7.9,9,-13,58,33,320,46,29.49,,,,,29.51,,,,,,,,,,719,1640,,,,,,,,,,,,,,,,,,,,,,,,,,,,,,,,,,,,,,,,,,,-9999,-9999,,-9999,-9999,,,,,,
WBAN:94789,JFK INTERNATIONAL AIRPORT NY US,3.4,40.6386,-73.7622,03-01-2010 14:51,FM-15,SCT:04 28 BKN:07 36 BKN:07 80,10,-SN:03 |SN:71 |,21,-6.1,18,-8,8,-13.3,57,31,320,46,29.48,,,29.5,T,29.5,,,,,,,,,,719,1640,,,,,,,,,,,,,,,,,,,,,,,,,,,,,,,,,,,,,,,,,,,-9999,-9999,,-9999,-9999,,,,,,
WBAN:94789,JFK INTERNATIONAL AIRPORT NY US,3.4,40.6386,-73.7622,03-01-2010 15:27,FM-16,BKN:07 22 OVC:08 34,3,-SN:03 |SN:71 |,21,-6,18,-7.9,9,-13,58,33,310,41,29.5,,,,T,29.52,,,,,,,,,,719,1640,,,,,,,,,,,,,,,,,,,,,,,,,,,,,,,,,,,,,,,,,,,-9999,-9999,,-9999,-9999,,,,,,
WBAN:94789,JFK INTERNATIONAL AIRPORT NY US,3.4,40.6386,-73.7622,03-01-2010 15:49,FM-16,FEW:02 24 BKN:07 33 BKN:07 70,10,,21,-6,18,-7.9,9,-13,58,32,310,40,29.51,,,,,29.53,,,,,,,,,,719,1640,,,,,,,,,,,,,,,,,,,,,,,,,,,,,,,,,,,,,,,,,,,-9999,-9999,,-9999,-9999,,,,,,
WBAN:94789,JFK INTERNATIONAL AIRPORT NY US,3.4,40.6386,-73.7622,03-01-2010 15:51,FM-15,FEW:02 24 BKN:07 33 BKN:07 70,10,,21,-6.1,18,-8,8,-13.3,57,31,310,40,29.51,3,,29.53,T,29.53,,,,,,,,,,719,1640,,,,,,,,,,,,,,,,,,,,,,,,,,,,,,,,,,,,,,,,,,,-9999,-9999,,-9999,-9999,,,,,,
WBAN:94789,JFK INTERNATIONAL AIRPORT NY US,3.4,40.6386,-73.7622,03-01-2010 16:00,FM-12,,9.94,,21,-6.1,18,-8,8,-13.3,57,31,310,,29.5,3,-0.06,29.53,,,,,,,,,,,,719,1640,,,,,,,,,,,,,,,,,,,,,,,,,,,,,,,,,,,,,,,,,,,-9999,-9999,,-9999,-9999,,,,,,
WBAN:94789,JFK INTERNATIONAL AIRPORT NY US,3.4,40.6386,-73.7622,03-01-2010 16:51,FM-15,FEW:02 25 BKN:07 49 BKN:07 70,9,,20,-6.7,17,-8.4,8,-13.3,60,24,310,37,29.54,,,29.56,T,29.56,,,,,,,,,,719,1640,,,,,,,,,,,,,,,,,,,,,,,,,,,,,,,,,,,,,,,,,,,-9999,-9999,,-9999,-9999,,,,,,
WBAN:94789,JFK INTERNATIONAL AIRPORT NY US,3.4,40.6386,-73.7622,03-01-2010 17:13,FM-16,SCT:04 20 BKN:07 28 OVC:08 50,6,-SN:03 |SN:71 |,19,-7,17,-8.5,10,-12,68,30,310,34,29.55,,,,T,29.57,,,,,,,,,,719,1640,,,,,,,,,,,,,,,,,,,,,,,,,,,,,,,,,,,,,,,,,,,-9999,-9999,,-9999,-9999,,,,,,
WBAN:94789,JFK INTERNATIONAL AIRPORT NY US,3.4,40.6386,-73.7622,03-01-2010 17:49,FM-16,FEW:02 21 BKN:07 31 OVC:08 70,10,,21,-6,18,-7.9,9,-13,58,29,320,36,29.57,,,,,29.59,,,,,,,,,,719,1640,,,,,,,,,,,,,,,,,,,,,,,,,,,,,,,,,,,,,,,,,,,-9999,-9999,,-9999,-9999,,,,,,
WBAN:94789,JFK INTERNATIONAL AIRPORT NY US,3.4,40.6386,-73.7622,03-01-2010 17:51,FM-15,FEW:02 21 BKN:07 31 OVC:08 70,10,,21,-6.1,18,-7.9,9,-12.8,59,30,310,36,29.57,,,29.59,T,29.59,,,,,,,,,,719,1640,,,,,,,,,,,,,,,,,,,,,,,,,,,,,,,,,,,,,,,,,,,-9999,-9999,,-9999,-9999,,,,,,
WBAN:94789,JFK INTERNATIONAL AIRPORT NY US,3.4,40.6386,-73.7622,03-01-2010 18:51,FM-15,SCT:04 47 OVC:08 80,10,,21,-6.1,17,-8.2,6,-14.4,52,25,320,39,29.58,1,,29.6,0,29.6,,,,,,,,,,719,1640,,,,,,,,,,,,,,,,,,,,,,,,,,,,,,,,,,,,,,,,,,,-9999,-9999,,-9999,-9999,,,,,,
WBAN:94789,JFK INTERNATIONAL AIRPORT NY US,3.4,40.6386,-73.7622,03-01-2010 19:00,FM-12,,9.94,,21,-6.1,17,-8.2,6,-14.4,52,25,320,,29.57,1,-0.06,29.6,,,,,,,,,,,,719,1641,,,,,,,,,,,,,,,,,,,,,,,,,,,,,,,,,,,,,,,,,,,-9999,-9999,,-9999,-9999,,,,,,
WBAN:94789,JFK INTERNATIONAL AIRPORT NY US,3.4,40.6386,-73.7622,03-01-2010 19:51,FM-15,FEW:02 30 SCT:04 55 BKN:07 70,10,,22,-5.6,18,-8,5,-15,48,29,310,38,29.59,,,29.62,0,29.61,,,,,,,,,,719,1641,,,,,,,,,,,,,,,,,,,,,,,,,,,,,,,,,,,,,,,,,,,-9999,-9999,,-9999,-9999,,,,,,
WBAN:94789,JFK INTERNATIONAL AIRPORT NY US,3.4,40.6386,-73.7622,03-01-2010 20:51,FM-15,FEW:02 35 OVC:08 55,10,,22,-5.6,18,-7.8,6,-14.4,50,22,320,30,29.59,,,29.61,0,29.61,,,,,,,,,,719,1641,,,,,,,,,,,,,,,,,,,,,,,,,,,,,,,,,,,,,,,,,,,-9999,-9999,,-9999,-9999,,,,,,
WBAN:94789,JFK INTERNATIONAL AIRPORT NY US,3.4,40.6386,-73.7622,03-01-2010 21:51,FM-15,FEW:02 60 BKN:07 85 BKN:07 250,10,,21,-6.1,17,-8.2,6,-14.4,52,25,320,36,29.61,3,,29.63,0,29.63,,,,,,,,,,719,1641,,,,,,,,,,,,,,,,,,,,,,,,,,,,,,,,,,,,,,,,,,,-9999,-9999,,-9999,-9999,,,,,,
WBAN:94789,JFK INTERNATIONAL AIRPORT NY US,3.4,40.6386,-73.7622,03-01-2010 22:00,FM-12,,9.94,,21,-6.1,17,-8.2,6,-14.4,52,25,320,,29.6,3,-0.04,29.63,,,,,,,,,,,,719,1641,,,,,,,,,,,,,,,,,,,,,,,,,,,,,,,,,,,,,,,,,,,-9999,-9999,,-9999,-9999,,,,,,
WBAN:94789,JFK INTERNATIONAL AIRPORT NY US,3.4,40.6386,-73.7622,03-01-2010 22:51,FM-15,FEW:02 60 SCT:04 90,10,,22,-5.6,18,-7.8,6,-14.4,50,21,310,31,29.61,,,29.63,0,29.63,,,,,,,,,,719,1641,,,,,,,,,,,,,,,,,,,,,,,,,,,,,,,,,,,,,,,,,,,-9999,-9999,,-9999,-9999,,,,,,
WBAN:94789,JFK INTERNATIONAL AIRPORT NY US,3.4,40.6386,-73.7622,03-01-2010 23:51,FM-15,FEW:02 60 BKN:07 100,10,,22,-5.6,18,-7.8,6,-14.4,50,16,320,33,29.62,,,29.64,0,29.64,,,,,,,,,,719,1641,,,,,,,,,,,,,,,,,,,,,,,,,,,,,,,,,,,,,,,,,,,-9999,-9999,,-9999,-9999,,,,,,
WBAN:94789,JFK INTERNATIONAL AIRPORT NY US,3.4,40.6386,-73.7622,03-01-2010 23:59,SOD,,,,,,,,,,,,,,,,,,,,24,18,21,-12.4,52,5,17,44,0,719,1641,SN:18,T,T,0,29.51,29.54,25.4,47,320,41,310,,,,,,,,,,,,T,,,,,,,,,,,,,,,,,,,,-9999,-9999,,-9999,-9999,,,,,,
WBAN:94789,JFK INTERNATIONAL AIRPORT NY US,3.4,40.6386,-73.7622,04-01-2010 00:51,FM-15,FEW:02 60 SCT:04 100 SCT:04 250,10,,21,-6.1,17,-8.1,7,-13.9,54,21,310,26,29.64,3,,29.66,0,29.66,,,,,,,,,,719,1641,,,,,,,,,,,,,,,,,,,,,,,,,,,,,,,,,,,,,,,,,,,-9999,-9999,,-9999,-9999,,,,,,
WBAN:94789,JFK INTERNATIONAL AIRPORT NY US,3.4,40.6386,-73.7622,04-01-2010 01:00,FM-12,,9.94,,21,-6.1,17,-8.1,7,-13.9,54,21,310,,29.63,3,-0.03,29.66,,,22,18,20,-13.3,,,,45,0,719,1641,,,,,,,,,,,,,,,,,,,,,,,,,,,,,,,,,,,,,,,,,,,-9999,-9999,,-9999,-9999,,,,,,
WBAN:94789,JFK INTERNATIONAL AIRPORT NY US,3.4,40.6386,-73.7622,04-01-2010 01:51,FM-15,FEW:02 60 SCT:04 100,10,,21,-6.1,17,-8.1,7,-13.9,54,18,310,25,29.64,,,29.66,0,29.66,,,,,,,,,,719,1641,,,,,,,,,,,,,,,,,,,,,,,,,,,,,,,,,,,,,,,,,,,-9999,-9999,,-9999,-9999,,,,,,
WBAN:94789,JFK INTERNATIONAL AIRPORT NY US,3.4,40.6386,-73.7622,04-01-2010 02:51,FM-15,FEW:02 60 SCT:04 100,10,,21,-6.1,17,-8.1,7,-13.9,54,20,310,,29.65,,,29.67,0,29.67,,,,,,,,,,719,1641,,,,,,,,,,,,,,,,,,,,,,,,,,,,,,,,,,,,,,,,,,,-9999,-9999,,-9999,-9999,,,,,,
WBAN:94789,JFK INTERNATIONAL AIRPORT NY US,3.4,40.6386,-73.7622,04-01-2010 03:51,FM-15,FEW:02 100,10,,21,-6.1,18,-8,8,-13.3,57,20,310,25,29.66,3,,29.68,0,29.68,,,,,,,,,,719,1641,,,,,,,,,,,,,,,,,,,,,,,,,,,,,,,,,,,,,,,,,,,-9999,-9999,,-9999,-9999,,,,,,
WBAN:94789,JFK INTERNATIONAL AIRPORT NY US,3.4,40.6386,-73.7622,04-01-2010 04:00,FM-12,,9.94,,21,-6.1,18,-8,8,-13.3,57,19,310,,29.65,3,-0.02,29.68,,,,,,,,,,,,719,1641,,,,,,,,,,,,,,,,,,,,,,,,,,,,,,,,,,,,,,,,,,,-9999,-9999,,-9999,-9999,,,,,,
WBAN:94789,JFK INTERNATIONAL AIRPORT NY US,3.4,40.6386,-73.7622,04-01-2010 04:51,FM-15,FEW:02 70 SCT:04 100,10,,21,-6.1,18,-8,8,-13.3,57,20,310,30,29.67,,,29.69,0,29.69,,,,,,,,,,719,1641,,,,,,,,,,,,,,,,,,,,,,,,,,,,,,,,,,,,,,,,,,,-9999,-9999,,-9999,-9999,,,,,,
WBAN:94789,JFK INTERNATIONAL AIRPORT NY US,3.4,40.6386,-73.7622,04-01-2010 05:51,FM-15,FEW:02 100,10,,20,-6.7,17,-8.4,8,-13.3,60,18,310,25,29.68,,,29.7,0,29.7,,,,,,,,,,719,1641,,,,,,,,,,,,,,,,,,,,,,,,,,,,,,,,,,,,,,,,,,,-9999,-9999,,-9999,-9999,,,,,,
WBAN:94789,JFK INTERNATIONAL AIRPORT NY US,3.4,40.6386,-73.7622,04-01-2010 06:51,FM-15,FEW:02 40 SCT:04 100 SCT:04 250,10,,20,-6.7,17,-8.4,8,-13.3,60,13,320,,29.69,1,,29.71,0,29.71,,,,,,,,,,719,1641,,,,,,,,,,,,,,,,,,,,,,,,,,,,,,,,,,,,,,,,,,,-9999,-9999,,-9999,-9999,,,,,,
WBAN:94789,JFK INTERNATIONAL AIRPORT NY US,3.4,40.6386,-73.7622,04-01-2010 07:00,FM-12,,9.94,,20,-6.7,17,-8.4,8,-13.3,60,13,320,,29.68,1,-0.03,29.71,,,24,,,,,,,,,719,1641,,,,,,,,,,,,,,,,,,,,,,,,,,,,,,,,,,,,,,,,,,,-9999,-9999,,-9999,-9999,,,,,,
WBAN:94789,JFK INTERNATIONAL AIRPORT NY US,3.4,40.6386,-73.7622,04-01-2010 07:51,FM-15,FEW:02 43 SCT:04 120 SCT:04 250,10,,22,-5.6,19,-7.5,9,-12.8,57,15,300,,29.7,,,29.72,0,29.72,,,,,,,,,,719,1641,,,,,,,,,,,,,,,,,,,,,,,,,,,,,,,,,,,,,,,,,,,-9999,-9999,,-9999,-9999,,,,,,
WBAN:94789,JFK INTERNATIONAL AIRPORT NY US,3.4,40.6386,-73.7622,04-01-2010 08:51,FM-15,FEW:02 45 SCT:04 100 BKN:07 250,10,,23,-5,19,-7.1,9,-12.8,55,22,320,,29.71,,,29.73,0,29.73,,,,,,,,,,719,1641,,,,,,,,,,,,,,,,,,,,,,,,,,,,,,,,,,,,,,,,,,,-9999,-9999,,-9999,-9999,,,,,,
WBAN:94789,JFK INTERNATIONAL AIRPORT NY US,3.4,40.6386,-73.7622,04-01-2010 09:51,FM-15,FEW:02 85 BKN:07 250,10,,26,-3.3,21,-6,9,-12.8,48,21,310,,29.71,1,,29.73,0,29.73,,,,,,,,,,719,1641,,,,,,,,,,,,,,,,,,,,,,,,,,,,,,,,,,,,,,,,,,,-9999,-9999,,-9999,-9999,,,,,,
WBAN:94789,JFK INTERNATIONAL AIRPORT NY US,3.4,40.6386,-73.7622,04-01-2010 10:00,FM-12,,9.94,,26,-3.3,21,-6,9,-12.8,48,21,310,,29.7,1,-0.02,29.73,,,,,,,,,,,,719,1641,,,,,,,,,,,,,,,,,,,,,,,,,,,,,,,,,,,,,,,,,,,-9999,-9999,,-9999,-9999,,,,,,
WBAN:94789,JFK INTERNATIONAL AIRPORT NY US,3.4,40.6386,-73.7622,04-01-2010 10:51,FM-15,BKN:07 75 BKN:07 110 BKN:07 250,10,,27,-2.8,22,-5.6,9,-12.8,46,16,300,,29.7,,,29.72,0,29.72,,,,,,,,,,719,1641,,,,,,,,,,,,,,,,,,,,,,,,,,,,,,,,,,,,,,,,,,,-9999,-9999,,-9999,-9999,,,,,,
WBAN:94789,JFK INTERNATIONAL AIRPORT NY US,3.4,40.6386,-73.7622,04-01-2010 11:51,FM-15,SCT:04 70 BKN:07 250,10,,28,-2.2,23,-5.1,10,-12.2,47,16,300,,29.67,,,29.69,0,29.69,,,,,,,,,,719,1641,,,,,,,,,,,,,,,,,,,,,,,,,,,,,,,,,,,,,,,,,,,-9999,-9999,,-9999,-9999,,,,,,
WBAN:94789,JFK INTERNATIONAL AIRPORT NY US,3.4,40.6386,-73.7622,04-01-2010 12:51,FM-15,SCT:04 70 SCT:04 120 BKN:07 250,10,,30,-1.1,24,-4.3,11,-11.7,45,14,300,,29.65,8,,29.68,0,29.67,,,,,,,,,,719,1641,,,,,,,,,,,,,,,,,,,,,,,,,,,,,,,,,,,,,,,,,,,-9999,-9999,,-9999,-9999,,,,,,
WBAN:94789,JFK INTERNATIONAL AIRPORT NY US,3.4,40.6386,-73.7622,04-01-2010 13:00,FM-12,,9.94,,30,-1.1,24,-4.3,11,-11.7,45,14,300,,29.64,8,0.06,29.68,,,,20,,,,,,,,719,1641,,,,,,,,,,,,,,,,,,,,,,,,,,,,,,,,,,,,,,,,,,,-9999,-9999,,-9999,-9999,,,,,,
WBAN:94789,JFK INTERNATIONAL AIRPORT NY US,3.4,40.6386,-73.7622,04-01-2010 13:51,FM-15,FEW:02 70 BKN:07 250,10,,31,-0.6,25,-3.9,11,-11.7,43,18,280,,29.65,,,29.67,0,29.67,,,,,,,,,,719,1641,,,,,,,,,,,,,,,,,,,,,,,,,,,,,,,,,,,,,,,,,,,-9999,-9999,,-9999,-9999,,,,,,
WBAN:94789,JFK INTERNATIONAL AIRPORT NY US,3.4,40.6386,-73.7622,04-01-2010 14:51,FM-15,FEW:02 70 BKN:07 250,10,,31,-0.6,25,-3.9,11,-11.7,43,18,290,23,29.66,,,29.68,0,29.68,,,,,,,,,,719,1641,,,,,,,,,,,,,,,,,,,,,,,,,,,,,,,,,,,,,,,,,,,-9999,-9999,,-9999,-9999,,,,,,
WBAN:94789,JFK INTERNATIONAL AIRPORT NY US,3.4,40.6386,-73.7622,04-01-2010 15:51,FM-15,FEW:02 40 SCT:04 70 BKN:07 250,10,,30,-1.1,24,-4.3,11,-11.7,45,15,290,24,29.67,3,,29.7,0,29.69,,,,,,,,,,719,1641,,,,,,,,,,,,,,,,,,,,,,,,,,,,,,,,,,,,,,,,,,,-9999,-9999,,-9999,-9999,,,,,,
WBAN:94789,JFK INTERNATIONAL AIRPORT NY US,3.4,40.6386,-73.7622,04-01-2010 16:00,FM-12,,9.94,,30,-1.1,24,-4.3,11,-11.7,45,15,290,,29.66,3,-0.02,29.7,,,,,,,,,,,,719,1641,,,,,,,,,,,,,,,,,,,,,,,,,,,,,,,,,,,,,,,,,,,-9999,-9999,,-9999,-9999,,,,,,
WBAN:94789,JFK INTERNATIONAL AIRPORT NY US,3.4,40.6386,-73.7622,04-01-2010 16:51,FM-15,FEW:02 40 SCT:04 70 BKN:07 250,10,,28,-2.2,23,-5,11,-11.7,49,17,310,,29.69,,,29.71,0,29.71,,,,,,,,,,719,1641,,,,,,,,,,,,,,,,,,,,,,,,,,,,,,,,,,,,,,,,,,,-9999,-9999,,-9999,-9999,,,,,,
WBAN:94789,JFK INTERNATIONAL AIRPORT NY US,3.4,40.6386,-73.7622,04-01-2010 17:51,FM-15,BKN:07 250,10,,27,-2.8,22,-5.4,11,-11.7,51,17,300,23,29.7,,,29.72,0,29.72,,,,,,,,,,719,1641,,,,,,,,,,,,,,,,,,,,,,,,,,,,,,,,,,,,,,,,,,,-9999,-9999,,-9999,-9999,,,,,,
WBAN:94789,JFK INTERNATIONAL AIRPORT NY US,3.4,40.6386,-73.7622,04-01-2010 18:51,FM-15,BKN:07 250,10,,26,-3.3,21,-5.9,10,-12.2,51,21,310,26,29.72,3,,29.74,0,29.74,,,,,,,,,,719,1641,,,,,,,,,,,,,,,,,,,,,,,,,,,,,,,,,,,,,,,,,,,-9999,-9999,,-9999,-9999,,,,,,
WBAN:94789,JFK INTERNATIONAL AIRPORT NY US,3.4,40.6386,-73.7622,04-01-2010 19:00,FM-12,,9.94,,26,-3.3,21,-5.9,10,-12.2,51,21,310,,29.71,3,-0.04,29.74,,,,,,,,,,,,719,1642,,,,,,,,,,,,,,,,,,,,,,,,,,,,,,,,,,,,,,,,,,,-9999,-9999,,-9999,-9999,,,,,,
WBAN:94789,JFK INTERNATIONAL AIRPORT NY US,3.4,40.6386,-73.7622,04-01-2010 19:51,FM-15,BKN:07 250,10,,24,-4.4,20,-6.7,9,-12.8,52,21,310,28,29.73,,,29.75,0,29.75,,,,,,,,,,719,1642,,,,,,,,,,,,,,,,,,,,,,,,,,,,,,,,,,,,,,,,,,,-9999,-9999,,-9999,-9999,,,,,,
WBAN:94789,JFK INTERNATIONAL AIRPORT NY US,3.4,40.6386,-73.7622,04-01-2010 20:51,FM-15,SCT:04 250,10,,23,-5,19,-7.1,9,-12.8,55,14,310,,29.73,,,29.75,0,29.75,,,,,,,,,,719,1642,,,,,,,,,,,,,,,,,,,,,,,,,,,,,,,,,,,,,,,,,,,-9999,-9999,,-9999,-9999,,,,,,
WBAN:94789,JFK INTERNATIONAL AIRPORT NY US,3.4,40.6386,-73.7622,04-01-2010 21:51,FM-15,FEW:02 250,10,,23,-5,19,-7.1,9,-12.8,55,17,320,,29.74,1,,29.76,0,29.76,,,,,,,,,,719,1642,,,,,,,,,,,,,,,,,,,,,,,,,,,,,,,,,,,,,,,,,,,-9999,-9999,,-9999,-9999,,,,,,
WBAN:94789,JFK INTERNATIONAL AIRPORT NY US,3.4,40.6386,-73.7622,04-01-2010 22:00,FM-12,,9.94,,23,-5,19,-7.1,9,-12.8,55,17,320,,29.73,1,-0.02,29.76,,,,,,,,,,,,719,1642,,,,,,,,,,,,,,,,,,,,,,,,,,,,,,,,,,,,,,,,,,,-9999,-9999,,-9999,-9999,,,,,,
WBAN:94789,JFK INTERNATIONAL AIRPORT NY US,3.4,40.6386,-73.7622,04-01-2010 22:51,FM-15,FEW:02 48,10,,22,-5.6,18,-7.6,8,-13.3,55,18,320,24,29.74,,,29.76,0,29.76,,,,,,,,,,719,1642,,,,,,,,,,,,,,,,,,,,,,,,,,,,,,,,,,,,,,,,,,,-9999,-9999,,-9999,-9999,,,,,,
WBAN:94789,JFK INTERNATIONAL AIRPORT NY US,3.4,40.6386,-73.7622,04-01-2010 23:51,FM-15,FEW:02 42,10,,22,-5.6,19,-7.5,9,-12.8,57,16,310,,29.73,,,29.75,0,29.75,,,,,,,,,,719,1642,,,,,,,,,,,,,,,,,,,,,,,,,,,,,,,,,,,,,,,,,,,-9999,-9999,,-9999,-9999,,,,,,
WBAN:94789,JFK INTERNATIONAL AIRPORT NY US,3.4,40.6386,-73.7622,04-01-2010 23:59,SOD,,,,,,,,,,,,,,,,,,,,32,20,26,-7.3,52,9,20,39,0,719,1642,,0,0,0,29.67,29.71,17.7,31,310,24,310,,,,,,,,,,,,,,,,,,,,,,,,,,,,,,,,-9999,-9999,,-9999,-9999,,,,,,
WBAN:94789,JFK INTERNATIONAL AIRPORT NY US,3.4,40.6386,-73.7622,05-01-2010 00:51,FM-15,FEW:02 40,10,,21,-6.1,18,-7.9,9,-12.8,59,14,310,22,29.73,8,,29.75,0,29.75,,,,,,,,,,719,1642,,,,,,,,,,,,,,,,,,,,,,,,,,,,,,,,,,,,,,,,,,,-9999,-9999,,-9999,-9999,,,,,,
WBAN:94789,JFK INTERNATIONAL AIRPORT NY US,3.4,40.6386,-73.7622,05-01-2010 01:00,FM-12,,9.94,,21,-6.1,18,-7.9,9,-12.8,59,14,310,,29.72,8,0.01,29.75,,,25,20,22,-11.2,,,,43,0,719,1642,,,,,,,,,,,,,,,,,,,,,,,,,,,,,,,,,,,,,,,,,,,-9999,-9999,,-9999,-9999,,,,,,
WBAN:94789,JFK INTERNATIONAL AIRPORT NY US,3.4,40.6386,-73.7622,05-01-2010 01:51,FM-15,FEW:02 40,10,,21,-6.1,18,-7.9,9,-12.8,59,13,310,,29.73,,,29.75,0,29.75,,,,,,,,,,719,1642,,,,,,,,,,,,,,,,,,,,,,,,,,,,,,,,,,,,,,,,,,,-9999,-9999,,-9999,-9999,,,,,,
WBAN:94789,JFK INTERNATIONAL AIRPORT NY US,3.4,40.6386,-73.7622,05-01-2010 02:51,FM-15,BKN:07 41,10,,22,-5.6,19,-7.4,10,-12.2,60,14,310,,29.74,,,29.76,0,29.76,,,,,,,,,,719,1642,,,,,,,,,,,,,,,,,,,,,,,,,,,,,,,,,,,,,,,,,,,-9999,-9999,,-9999,-9999,,,,,,
WBAN:94789,JFK INTERNATIONAL AIRPORT NY US,3.4,40.6386,-73.7622,05-01-2010 03:51,FM-15,BKN:07 43,10,,23,-5,19,-7.1,9,-12.8,55,15,310,,29.73,0,,29.75,0,29.75,,,,,,,,,,719,1642,,,,,,,,,,,,,,,,,,,,,,,,,,,,,,,,,,,,,,,,,,,-9999,-9999,,-9999,-9999,,,,,,
WBAN:94789,JFK INTERNATIONAL AIRPORT NY US,3.4,40.6386,-73.7622,05-01-2010 04:00,FM-12,,9.94,,23,-5,19,-7.1,9,-12.8,55,15,310,,29.72,0,-0.01,29.75,,,,,,,,,,,,719,1642,,,,,,,,,,,,,,,,,,,,,,,,,,,,,,,,,,,,,,,,,,,-9999,-9999,,-9999,-9999,,,,,,
WBAN:94789,JFK INTERNATIONAL AIRPORT NY US,3.4,40.6386,-73.7622,05-01-2010 04:51,FM-15,OVC:08 37,10,,23,-5,19,-7.1,9,-12.8,55,17,320,,29.73,,,29.75,0,29.75,,,,,,,,,,719,1642,,,,,,,,,,,,,,,,,,,,,,,,,,,,,,,,,,,,,,,,,,,-9999,-9999,,-9999,-9999,,,,,,
WBAN:94789,JFK INTERNATIONAL AIRPORT NY US,3.4,40.6386,-73.7622,05-01-2010 05:51,FM-15,OVC:08 41,10,,23,-5,19,-7.1,9,-12.8,55,11,320,,29.74,,,29.75,0,29.76,,,,,,,,,,719,1642,,,,,,,,,,,,,,,,,,,,,,,,,,,,,,,,,,,,,,,,,,,-9999,-9999,,-9999,-9999,,,,,,
WBAN:94789,JFK INTERNATIONAL AIRPORT NY US,3.4,40.6386,-73.7622,05-01-2010 06:51,FM-15,BKN:07 45,10,,22,-5.6,19,-7.5,9,-12.8,57,15,320,,29.74,3,,29.76,0,29.76,,,,,,,,,,719,1642,,,,,,,,,,,,,,,,,,,,,,,,,,,,,,,,,,,,,,,,,,,-9999,-9999,,-9999,-9999,,,,,,
WBAN:94789,JFK INTERNATIONAL AIRPORT NY US,3.4,40.6386,-73.7622,05-01-2010 07:00,FM-12,,9.94,,22,-5.6,19,-7.5,9,-12.8,57,15,320,,29.73,3,-0.01,29.76,,,32,,,,,,,,,719,1642,,,,,,,,,,,,,,,,,,,,,,,,,,,,,,,,,,,,,,,,,,,-9999,-9999,,-9999,-9999,,,,,,
WBAN:94789,JFK INTERNATIONAL AIRPORT NY US,3.4,40.6386,-73.7622,05-01-2010 07:51,FM-15,SCT:04 45 SCT:04 250,10,,22,-5.6,19,-7.4,10,-12.2,60,13,310,,29.74,,,29.76,0,29.76,,,,,,,,,,719,1642,,,,,,,,,,,,,,,,,,,,,,,,,,,,,,,,,,,,,,,,,,,-9999,-9999,,-9999,-9999,,,,,,
WBAN:94789,JFK INTERNATIONAL AIRPORT NY US,3.4,40.6386,-73.7622,05-01-2010 08:51,FM-15,FEW:02 40 SCT:04 60 SCT:04 250,10,,25,-3.9,21,-6.1,11,-11.7,55,14,320,23,29.74,,,29.76,0,29.76,,,,,,,,,,719,1642,,,,,,,,,,,,,,,,,,,,,,,,,,,,,,,,,,,,,,,,,,,-9999,-9999,,-9999,-9999,,,,,,
WBAN:94789,JFK INTERNATIONAL AIRPORT NY US,3.4,40.6386,-73.7622,05-01-2010 09:51,FM-15,FEW:02 45 SCT:04 70 SCT:04 250,10,,27,-2.8,23,-5.2,12,-11.1,53,16,320,,29.74,0,,29.76,0,29.76,,,,,,,,,,719,1642,,,,,,,,,,,,,,,,,,,,,,,,,,,,,,,,,,,,,,,,,,,-9999,-9999,,-9999,-9999,,,,,,
WBAN:94789,JFK INTERNATIONAL AIRPORT NY US,3.4,40.6386,-73.7622,05-01-2010 10:00,FM-12,,9.94,,27,-2.8,23,-5.2,12,-11.1,53,16,320,,29.73,0,0,29.76,,,,,,,,,,,,719,1642,,,,,,,,,,,,,,,,,,,,,,,,,,,,,,,,,,,,,,,,,,,-9999,-9999,,-9999,-9999,,,,,,
WBAN:94789,JFK INTERNATIONAL AIRPORT NY US,3.4,40.6386,-73.7622,05-01-2010 10:51,FM-15,FEW:02 47 SCT:04 70 SCT:04 250,10,,29,-1.7,24,-4.5,12,-11.1,49,18,310,,29.72,,,29.74,0,29.74,,,,,,,,,,719,1642,,,,,,,,,,,,,,,,,,,,,,,,,,,,,,,,,,,,,,,,,,,-9999,-9999,,-9999,-9999,,,,,,
WBAN:94789,JFK INTERNATIONAL AIRPORT NY US,3.4,40.6386,-73.7622,05-01-2010 11:51,FM-15,FEW:02 50 SCT:04 85 SCT:04 250,10,,31,-0.6,25,-3.7,13,-10.6,47,16,300,,29.7,,,29.73,0,29.72,,,,,,,,,,719,1642,,,,,,,,,,,,,,,,,,,,,,,,,,,,,,,,,,,,,,,,,,,-9999,-9999,,-9999,-9999,,,,,,
WBAN:94789,JFK INTERNATIONAL AIRPORT NY US,3.4,40.6386,-73.7622,05-01-2010 12:51,FM-15,FEW:02 50 SCT:04 85 SCT:04 250,10,,32,0,26,-3.3,13,-10.6,45,17,310,25,29.68,8,,29.7,0,29.7,,,,,,,,,,719,1642,,,,,,,,,,,,,,,,,,,,,,,,,,,,,,,,,,,,,,,,,,,-9999,-9999,,-9999,-9999,,,,,,
WBAN:94789,JFK INTERNATIONAL AIRPORT NY US,3.4,40.6386,-73.7622,05-01-2010 13:00,FM-12,,9.94,,32,0,26,-3.3,13,-10.6,45,17,310,,29.67,8,0.06,29.7,,,,22,,,,,,,,719,1642,,,,,,,,,,,,,,,,,,,,,,,,,,,,,,,,,,,,,,,,,,,-9999,-9999,,-9999,-9999,,,,,,
WBAN:94789,JFK INTERNATIONAL AIRPORT NY US,3.4,40.6386,-73.7622,05-01-2010 13:51,FM-15,FEW:02 50 SCT:04 100 SCT:04 250,10,,32,0,26,-3.3,13,-10.6,45,18,320,25,29.67,,,29.69,0,29.69,,,,,,,,,,719,1642,,,,,,,,,,,,,,,,,,,,,,,,,,,,,,,,,,,,,,,,,,,-9999,-9999,,-9999,-9999,,,,,,
WBAN:94789,JFK INTERNATIONAL AIRPORT NY US,3.4,40.6386,-73.7622,05-01-2010 14:51,FM-15,FEW:02 50 SCT:04 250,10,,31,-0.6,25,-3.8,12,-11.1,45,20,310,23,29.66,,,29.68,0,29.68,,,,,,,,,,719,1642,,,,,,,,,,,,,,,,,,,,,,,,,,,,,,,,,,,,,,,,,,,-9999,-9999,,-9999,-9999,,,,,,
WBAN:94789,JFK INTERNATIONAL AIRPORT NY US,3.4,40.6386,-73.7622,05-01-2010 15:51,FM-15,FEW:02 50 SCT:04 250,10,,30,-1.1,25,-4.1,12,-11.1,47,15,320,,29.66,5,,29.68,0,29.68,,,,,,,,,,719,1642,,,,,,,,,,,,,,,,,,,,,,,,,,,,,,,,,,,,,,,,,,,-9999,-9999,,-9999,-9999,,,,,,
WBAN:94789,JFK INTERNATIONAL AIRPORT NY US,3.4,40.6386,-73.7622,05-01-2010 16:00,FM-12,,9.94,,30,-1.1,25,-4.1,12,-11.1,47,15,320,,29.65,5,0.02,29.68,,,,,,,,,,,,719,1642,,,,,,,,,,,,,,,,,,,,,,,,,,,,,,,,,,,,,,,,,,,-9999,-9999,,-9999,-9999,,,,,,
WBAN:94789,JFK INTERNATIONAL AIRPORT NY US,3.4,40.6386,-73.7622,05-01-2010 16:51,FM-15,FEW:02 40 SCT:04 100 SCT:04 250,10,,29,-1.7,24,-4.5,12,-11.1,49,14,310,,29.66,,,29.68,0,29.68,,,,,,,,,,719,1642,,,,,,,,,,,,,,,,,,,,,,,,,,,,,,,,,,,,,,,,,,,-9999,-9999,,-9999,-9999,,,,,,
WBAN:94789,JFK INTERNATIONAL AIRPORT NY US,3.4,40.6386,-73.7622,05-01-2010 17:51,FM-15,FEW:02 100 SCT:04 250,10,,28,-2.2,23,-4.9,12,-11.1,51,17,300,24,29.68,,,29.7,0,29.7,,,,,,,,,,719,1642,,,,,,,,,,,,,,,,,,,,,,,,,,,,,,,,,,,,,,,,,,,-9999,-9999,,-9999,-9999,,,,,,
WBAN:94789,JFK INTERNATIONAL AIRPORT NY US,3.4,40.6386,-73.7622,05-01-2010 18:51,FM-15,FEW:02 36,10,,27,-2.8,23,-5.2,12,-11.1,53,13,310,,29.69,3,,29.71,0,29.71,,,,,,,,,,719,1642,,,,,,,,,,,,,,,,,,,,,,,,,,,,,,,,,,,,,,,,,,,-9999,-9999,,-9999,-9999,,,,,,
WBAN:94789,JFK INTERNATIONAL AIRPORT NY US,3.4,40.6386,-73.7622,05-01-2010 19:00,FM-12,,9.94,,27,-2.8,23,-5.2,12,-11.1,53,13,310,,29.68,3,-0.02,29.71,,,,,,,,,,,,719,1643,,,,,,,,,,,,,,,,,,,,,,,,,,,,,,,,,,,,,,,,,,,-9999,-9999,,-9999,-9999,,,,,,
WBAN:94789,JFK INTERNATIONAL AIRPORT NY US,3.4,40.6386,-73.7622,05-01-2010 19:51,FM-15,BKN:07 33 BKN:07 60,10,,28,-2.2,23,-4.9,12,-11.1,51,20,320,,29.69,,,29.71,0,29.71,,,,,,,,,,719,1643,,,,,,,,,,,,,,,,,,,,,,,,,,,,,,,,,,,,,,,,,,,-9999,-9999,,-9999,-9999,,,,,,
WBAN:94789,JFK INTERNATIONAL AIRPORT NY US,3.4,40.6386,-73.7622,05-01-2010 20:51,FM-15,FEW:02 33 OVC:08 60,10,,28,-2.2,23,-4.9,12,-11.1,51,21,310,,29.69,,,29.71,0,29.71,,,,,,,,,,719,1643,,,,,,,,,,,,,,,,,,,,,,,,,,,,,,,,,,,,,,,,,,,-9999,-9999,,-9999,-9999,,,,,,
WBAN:94789,JFK INTERNATIONAL AIRPORT NY US,3.4,40.6386,-73.7622,05-01-2010 21:51,FM-15,FEW:02 33 OVC:08 60,10,,28,-2.2,23,-4.9,12,-11.1,51,16,320,23,29.69,1,,29.71,0,29.71,,,,,,,,,,719,1643,,,,,,,,,,,,,,,,,,,,,,,,,,,,,,,,,,,,,,,,,,,-9999,-9999,,-9999,-9999,,,,,,
WBAN:94789,JFK INTERNATIONAL AIRPORT NY US,3.4,40.6386,-73.7622,05-01-2010 22:00,FM-12,,9.94,,28,-2.2,23,-4.9,12,-11.1,51,16,320,,29.68,1,0,29.71,,,,,,,,,,,,719,1643,,,,,,,,,,,,,,,,,,,,,,,,,,,,,,,,,,,,,,,,,,,-9999,-9999,,-9999,-9999,,,,,,
WBAN:94789,JFK INTERNATIONAL AIRPORT NY US,3.4,40.6386,-73.7622,05-01-2010 22:51,FM-15,FEW:02 33 OVC:08 60,10,,27,-2.8,23,-5.2,12,-11.1,53,20,320,26,29.7,,,29.72,0,29.72,,,,,,,,,,719,1643,,,,,,,,,,,,,,,,,,,,,,,,,,,,,,,,,,,,,,,,,,,-9999,-9999,,-9999,-9999,,,,,,
WBAN:94789,JFK INTERNATIONAL AIRPORT NY US,3.4,40.6386,-73.7622,05-01-2010 23:51,FM-15,FEW:02 34 OVC:08 60,10,,27,-2.8,22,-5.4,11,-11.7,51,16,310,23,29.69,,,29.71,0,29.71,,,,,,,,,,719,1643,,,,,,,,,,,,,,,,,,,,,,,,,,,,,,,,,,,,,,,,,,,-9999,-9999,,-9999,-9999,,,,,,
WBAN:94789,JFK INTERNATIONAL AIRPORT NY US,3.4,40.6386,-73.7622,05-01-2010 23:59,SOD,,,,,,,,,,,,,,,,,,,,32,21,27,-6.2,52,11,22,38,0,719,1643,,0,0,0,29.7,29.72,15.9,30,310,21,310,,,,,,,,,,,,,,,,,,,,,,,,,,,,,,,,-9999,-9999,,-9999,-9999,,,,,,
WBAN:94789,JFK INTERNATIONAL AIRPORT NY US,3.4,40.6386,-73.7622,06-01-2010 00:51,FM-15,OVC:08 65,10,,27,-2.8,22,-5.4,11,-11.7,51,17,310,,29.69,8,,29.71,0,29.71,,,,,,,,,,719,1643,,,,,,,,,,,,,,,,,,,,,,,,,,,,,,,,,,,,,,,,,,,-9999,-9999,,-9999,-9999,,,,,,
WBAN:94789,JFK INTERNATIONAL AIRPORT NY US,3.4,40.6386,-73.7622,06-01-2010 01:00,FM-12,,9.94,,27,-2.8,22,-5.4,11,-11.7,51,17,310,,29.68,8,0.01,29.71,,,28,21,25,-8,,,,40,0,719,1643,,,,,,,,,,,,,,,,,,,,,,,,,,,,,,,,,,,,,,,,,,,-9999,-9999,,-9999,-9999,,,,,,
WBAN:94789,JFK INTERNATIONAL AIRPORT NY US,3.4,40.6386,-73.7622,06-01-2010 01:51,FM-15,FEW:02 33 OVC:08 60,10,,27,-2.8,22,-5.4,11,-11.7,51,16,310,,29.69,,,29.71,0,29.71,,,,,,,,,,719,1643,,,,,,,,,,,,,,,,,,,,,,,,,,,,,,,,,,,,,,,,,,,-9999,-9999,,-9999,-9999,,,,,,
WBAN:94789,JFK INTERNATIONAL AIRPORT NY US,3.4,40.6386,-73.7622,06-01-2010 02:51,FM-15,FEW:02 35 OVC:08 60,10,,27,-2.8,23,-5.2,12,-11.1,53,14,300,,29.68,,,29.7,0,29.7,,,,,,,,,,719,1643,,,,,,,,,,,,,,,,,,,,,,,,,,,,,,,,,,,,,,,,,,,-9999,-9999,,-9999,-9999,,,,,,
WBAN:94789,JFK INTERNATIONAL AIRPORT NY US,3.4,40.6386,-73.7622,06-01-2010 03:51,FM-15,FEW:02 32 OVC:08 55,10,,27,-2.8,23,-5.1,13,-10.6,55,15,300,,29.68,8,,29.7,0,29.7,,,,,,,,,,719,1643,,,,,,,,,,,,,,,,,,,,,,,,,,,,,,,,,,,,,,,,,,,-9999,-9999,,-9999,-9999,,,,,,
WBAN:94789,JFK INTERNATIONAL AIRPORT NY US,3.4,40.6386,-73.7622,06-01-2010 04:00,FM-12,,9.94,,27,-2.8,23,-5.1,13,-10.6,55,15,300,,29.67,8,0.01,29.7,,,,,,,,,,,,719,1643,,,,,,,,,,,,,,,,,,,,,,,,,,,,,,,,,,,,,,,,,,,-9999,-9999,,-9999,-9999,,,,,,
WBAN:94789,JFK INTERNATIONAL AIRPORT NY US,3.4,40.6386,-73.7622,06-01-2010 04:51,FM-15,BKN:07 36 OVC:08 55,10,,27,-2.8,23,-5.1,13,-10.6,55,17,310,23,29.67,,,29.69,0,29.69,,,,,,,,,,719,1643,,,,,,,,,,,,,,,,,,,,,,,,,,,,,,,,,,,,,,,,,,,-9999,-9999,,-9999,-9999,,,,,,
WBAN:94789,JFK INTERNATIONAL AIRPORT NY US,3.4,40.6386,-73.7622,06-01-2010 05:51,FM-15,BKN:07 39 OVC:08 60,10,,27,-2.8,23,-5,14,-10,58,20,320,,29.68,,,29.7,0,29.7,,,,,,,,,,719,1643,,,,,,,,,,,,,,,,,,,,,,,,,,,,,,,,,,,,,,,,,,,-9999,-9999,,-9999,-9999,,,,,,
WBAN:94789,JFK INTERNATIONAL AIRPORT NY US,3.4,40.6386,-73.7622,06-01-2010 06:51,FM-15,BKN:07 45,10,,27,-2.8,23,-5,14,-10,58,16,320,23,29.7,3,,29.72,0,29.72,,,,,,,,,,719,1643,,,,,,,,,,,,,,,,,,,,,,,,,,,,,,,,,,,,,,,,,,,-9999,-9999,,-9999,-9999,,,,,,
WBAN:94789,JFK INTERNATIONAL AIRPORT NY US,3.4,40.6386,-73.7622,06-01-2010 07:00,FM-12,,9.94,,27,-2.8,23,-5,14,-10,58,16,320,,29.69,3,-0.02,29.72,,,32,,,,,,,,,719,1643,,,,,,,,,,,,,,,,,,,,,,,,,,,,,,,,,,,,,,,,,,,-9999,-9999,,-9999,-9999,,,,,,
WBAN:94789,JFK INTERNATIONAL AIRPORT NY US,3.4,40.6386,-73.7622,06-01-2010 07:51,FM-15,FEW:02 45 BKN:07 70,10,,27,-2.8,23,-5,14,-10,58,17,320,,29.71,,,29.73,0,29.73,,,,,,,,,,719,1643,,,,,,,,,,,,,,,,,,,,,,,,,,,,,,,,,,,,,,,,,,,-9999,-9999,,-9999,-9999,,,,,,
WBAN:94789,JFK INTERNATIONAL AIRPORT NY US,3.4,40.6386,-73.7622,06-01-2010 08:51,FM-15,FEW:02 45 BKN:07 60,10,,28,-2.2,23,-4.9,12,-11.1,51,20,330,,29.72,,,29.74,0,29.74,,,,,,,,,,719,1643,,,,,,,,,,,,,,,,,,,,,,,,,,,,,,,,,,,,,,,,,,,-9999,-9999,,-9999,-9999,,,,,,
WBAN:94789,JFK INTERNATIONAL AIRPORT NY US,3.4,40.6386,-73.7622,06-01-2010 09:51,FM-15,FEW:02 47 SCT:04 60 SCT:04 250,10,,31,-0.6,25,-3.6,13,-10.6,47,18,310,25,29.72,0,,29.74,0,29.74,,,,,,,,,,719,1643,,,,,,,,,,,,,,,,,,,,,,,,,,,,,,,,,,,,,,,,,,,-9999,-9999,,-9999,-9999,,,,,,
WBAN:94789,JFK INTERNATIONAL AIRPORT NY US,3.4,40.6386,-73.7622,06-01-2010 10:00,FM-12,,9.94,,31,-0.6,25,-3.6,13,-10.6,47,18,310,,29.71,0,-0.02,29.74,,,,,,,,,,,,719,1643,,,,,,,,,,,,,,,,,,,,,,,,,,,,,,,,,,,,,,,,,,,-9999,-9999,,-9999,-9999,,,,,,
WBAN:94789,JFK INTERNATIONAL AIRPORT NY US,3.4,40.6386,-73.7622,06-01-2010 10:51,FM-15,FEW:02 50 SCT:04 250,10,,32,0,26,-3.3,13,-10.6,45,14,310,23,29.7,,,29.73,0,29.72,,,,,,,,,,719,1643,,,,,,,,,,,,,,,,,,,,,,,,,,,,,,,,,,,,,,,,,,,-9999,-9999,,-9999,-9999,,,,,,
WBAN:94789,JFK INTERNATIONAL AIRPORT NY US,3.4,40.6386,-73.7622,06-01-2010 11:51,FM-15,FEW:02 50 SCT:04 250,10,,33,0.6,27,-2.8,14,-10,45,17,300,24,29.68,,,29.7,0,29.7,,,,,,,,,,719,1643,,,,,,,,,,,,,,,,,,,,,,,,,,,,,,,,,,,,,,,,,,,-9999,-9999,,-9999,-9999,,,,,,
WBAN:94789,JFK INTERNATIONAL AIRPORT NY US,3.4,40.6386,-73.7622,06-01-2010 12:51,FM-15,FEW:02 55 SCT:04 250,10,,34,1.1,27,-2.6,13,-10.6,42,18,320,26,29.66,8,,29.68,0,29.68,,,,,,,,,,719,1643,,,,,,,,,,,,,,,,,,,,,,,,,,,,,,,,,,,,,,,,,,,-9999,-9999,,-9999,-9999,,,,,,
WBAN:94789,JFK INTERNATIONAL AIRPORT NY US,3.4,40.6386,-73.7622,06-01-2010 13:00,FM-12,,9.94,,34,1.1,27,-2.6,13,-10.6,42,18,320,,29.65,8,0.06,29.68,,,,26,,,,,,,,719,1643,,,,,,,,,,,,,,,,,,,,,,,,,,,,,,,,,,,,,,,,,,,-9999,-9999,,-9999,-9999,,,,,,
WBAN:94789,JFK INTERNATIONAL AIRPORT NY US,3.4,40.6386,-73.7622,06-01-2010 13:51,FM-15,FEW:02 55 SCT:04 250,10,,35,1.7,28,-2.1,14,-10,42,18,300,,29.65,,,29.68,0,29.67,,,,,,,,,,719,1643,,,,,,,,,,,,,,,,,,,,,,,,,,,,,,,,,,,,,,,,,,,-9999,-9999,,-9999,-9999,,,,,,
WBAN:94789,JFK INTERNATIONAL AIRPORT NY US,3.4,40.6386,-73.7622,06-01-2010 14:51,FM-15,FEW:02 55 SCT:04 250,10,,35,1.7,28,-2.1,14,-10,42,16,330,,29.67,,,29.69,0,29.69,,,,,,,,,,719,1643,,,,,,,,,,,,,,,,,,,,,,,,,,,,,,,,,,,,,,,,,,,-9999,-9999,,-9999,-9999,,,,,,
WBAN:94789,JFK INTERNATIONAL AIRPORT NY US,3.4,40.6386,-73.7622,06-01-2010 15:51,FM-15,SCT:04 250,10,,34,1.1,28,-2.5,14,-10,44,17,320,,29.68,3,,29.7,0,29.7,,,,,,,,,,719,1643,,,,,,,,,,,,,,,,,,,,,,,,,,,,,,,,,,,,,,,,,,,-9999,-9999,,-9999,-9999,,,,,,
WBAN:94789,JFK INTERNATIONAL AIRPORT NY US,3.4,40.6386,-73.7622,06-01-2010 16:00,FM-12,,9.94,,34,1.1,28,-2.5,14,-10,44,17,320,,29.67,3,-0.02,29.7,,,,,,,,,,,,719,1643,,,,,,,,,,,,,,,,,,,,,,,,,,,,,,,,,,,,,,,,,,,-9999,-9999,,-9999,-9999,,,,,,
WBAN:94789,JFK INTERNATIONAL AIRPORT NY US,3.4,40.6386,-73.7622,06-01-2010 16:51,FM-15,FEW:02 150 BKN:07 250,10,,32,0,26,-3.3,13,-10.6,45,23,300,29,29.71,,,29.73,0,29.73,,,,,,,,,,719,1643,,,,,,,,,,,,,,,,,,,,,,,,,,,,,,,,,,,,,,,,,,,-9999,-9999,,-9999,-9999,,,,,,
WBAN:94789,JFK INTERNATIONAL AIRPORT NY US,3.4,40.6386,-73.7622,06-01-2010 17:51,FM-15,FEW:02 55 SCT:04 150 BKN:07 250,10,,31,-0.6,26,-3.5,14,-10,49,21,310,29,29.72,,,29.75,0,29.74,,,,,,,,,,719,1643,,,,,,,,,,,,,,,,,,,,,,,,,,,,,,,,,,,,,,,,,,,-9999,-9999,,-9999,-9999,,,,,,
WBAN:94789,JFK INTERNATIONAL AIRPORT NY US,3.4,40.6386,-73.7622,06-01-2010 18:51,FM-15,FEW:02 55 SCT:04 150 BKN:07 250,10,,30,-1.1,25,-3.7,15,-9.4,54,22,310,30,29.74,1,,29.76,0,29.76,,,,,,,,,,719,1643,,,,,,,,,,,,,,,,,,,,,,,,,,,,,,,,,,,,,,,,,,,-9999,-9999,,-9999,-9999,,,,,,
WBAN:94789,JFK INTERNATIONAL AIRPORT NY US,3.4,40.6386,-73.7622,06-01-2010 19:00,FM-12,,9.94,,30,-1.1,25,-3.7,15,-9.4,54,22,310,,29.73,1,-0.06,29.76,,,,,,,,,,,,719,1644,,,,,,,,,,,,,,,,,,,,,,,,,,,,,,,,,,,,,,,,,,,-9999,-9999,,-9999,-9999,,,,,,
WBAN:94789,JFK INTERNATIONAL AIRPORT NY US,3.4,40.6386,-73.7622,06-01-2010 19:51,FM-15,FEW:02 55 SCT:04 150 BKN:07 250,10,,30,-1.1,26,-3.6,16,-8.9,56,24,310,30,29.75,,,29.77,0,29.77,,,,,,,,,,719,1644,,,,,,,,,,,,,,,,,,,,,,,,,,,,,,,,,,,,,,,,,,,-9999,-9999,,-9999,-9999,,,,,,
WBAN:94789,JFK INTERNATIONAL AIRPORT NY US,3.4,40.6386,-73.7622,06-01-2010 20:51,FM-15,FEW:02 34 SCT:04 250,10,,29,-1.7,25,-3.9,16,-8.9,58,15,330,29,29.76,,,29.78,0,29.78,,,,,,,,,,719,1644,,,,,,,,,,,,,,,,,,,,,,,,,,,,,,,,,,,,,,,,,,,-9999,-9999,,-9999,-9999,,,,,,
WBAN:94789,JFK INTERNATIONAL AIRPORT NY US,3.4,40.6386,-73.7622,06-01-2010 21:51,FM-15,SCT:04 30,10,,29,-1.7,25,-3.8,17,-8.3,61,18,310,29,29.77,1,,29.79,0,29.79,,,,,,,,,,719,1644,,,,,,,,,,,,,,,,,,,,,,,,,,,,,,,,,,,,,,,,,,,-9999,-9999,,-9999,-9999,,,,,,
WBAN:94789,JFK INTERNATIONAL AIRPORT NY US,3.4,40.6386,-73.7622,06-01-2010 22:00,FM-12,,9.94,,29,-1.7,25,-3.8,17,-8.3,61,18,310,,29.76,1,-0.03,29.79,,,,,,,,,,,,719,1644,,,,,,,,,,,,,,,,,,,,,,,,,,,,,,,,,,,,,,,,,,,-9999,-9999,,-9999,-9999,,,,,,
WBAN:94789,JFK INTERNATIONAL AIRPORT NY US,3.4,40.6386,-73.7622,06-01-2010 22:51,FM-15,SCT:04 30,10,,30,-1.1,26,-3.3,18,-7.8,61,25,310,31,29.78,,,29.8,0,29.8,,,,,,,,,,719,1644,,,,,,,,,,,,,,,,,,,,,,,,,,,,,,,,,,,,,,,,,,,-9999,-9999,,-9999,-9999,,,,,,
WBAN:94789,JFK INTERNATIONAL AIRPORT NY US,3.4,40.6386,-73.7622,06-01-2010 23:51,FM-15,SCT:04 30,10,,30,-1.1,26,-3.3,18,-7.8,61,16,310,25,29.77,,,29.79,0,29.79,,,,,,,,,,719,1644,,,,,,,,,,,,,,,,,,,,,,,,,,,,,,,,,,,,,,,,,,,-9999,-9999,,-9999,-9999,,,,,,
WBAN:94789,JFK INTERNATIONAL AIRPORT NY US,3.4,40.6386,-73.7622,06-01-2010 23:59,SOD,,,,,,,,,,,,,,,,,,,,36,26,31,-2,52,14,25,34,0,719,1644,,0,0,0,29.69,29.72,18.2,33,330,26,310,,,,,,,,,,,,,,,,,,,,,,,,,,,,,,,,-9999,-9999,,-9999,-9999,,,,,,
WBAN:94789,JFK INTERNATIONAL AIRPORT NY US,3.4,40.6386,-73.7622,07-01-2010 00:51,FM-15,FEW:02 30,10,,30,-1.1,26,-3.3,18,-7.8,61,14,310,,29.77,1,,29.79,0,29.79,,,,,,,,,,719,1644,,,,,,,,,,,,,,,,,,,,,,,,,,,,,,,,,,,,,,,,,,,-9999,-9999,,-9999,-9999,,,,,,
WBAN:94789,JFK INTERNATIONAL AIRPORT NY US,3.4,40.6386,-73.7622,07-01-2010 01:00,FM-12,,9.94,,30,-1.1,26,-3.3,18,-7.8,61,14,310,,29.76,1,0,29.79,,,31,27,29,-3.9,,,,36,0,719,1644,,,,,,,,,,,,,,,,,,,,,,,,,,,,,,,,,,,,,,,,,,,-9999,-9999,,-9999,-9999,,,,,,
WBAN:94789,JFK INTERNATIONAL AIRPORT NY US,3.4,40.6386,-73.7622,07-01-2010 01:51,FM-15,FEW:02 30,10,,30,-1.1,26,-3.3,18,-7.8,61,15,300,26,29.78,,,29.8,0,29.8,,,,,,,,,,719,1644,,,,,,,,,,,,,,,,,,,,,,,,,,,,,,,,,,,,,,,,,,,-9999,-9999,,-9999,-9999,,,,,,
WBAN:94789,JFK INTERNATIONAL AIRPORT NY US,3.4,40.6386,-73.7622,07-01-2010 02:51,FM-15,FEW:02 30,10,,30,-1.1,26,-3.1,19,-7.2,64,13,300,,29.79,,,29.81,0,29.81,,,,,,,,,,719,1644,,,,,,,,,,,,,,,,,,,,,,,,,,,,,,,,,,,,,,,,,,,-9999,-9999,,-9999,-9999,,,,,,
WBAN:94789,JFK INTERNATIONAL AIRPORT NY US,3.4,40.6386,-73.7622,07-01-2010 03:51,FM-15,SCT:04 29 BKN:07 120,10,,30,-1.1,27,-3,20,-6.7,66,14,300,,29.8,3,,29.83,0,29.82,,,,,,,,,,719,1644,,,,,,,,,,,,,,,,,,,,,,,,,,,,,,,,,,,,,,,,,,,-9999,-9999,,-9999,-9999,,,,,,
WBAN:94789,JFK INTERNATIONAL AIRPORT NY US,3.4,40.6386,-73.7622,07-01-2010 04:00,FM-12,,9.94,,30,-1.1,27,-3,20,-6.7,66,14,300,,29.79,3,-0.04,29.83,,,,,,,,,,,,719,1644,,,,,,,,,,,,,,,,,,,,,,,,,,,,,,,,,,,,,,,,,,,-9999,-9999,,-9999,-9999,,,,,,
WBAN:94789,JFK INTERNATIONAL AIRPORT NY US,3.4,40.6386,-73.7622,07-01-2010 04:51,FM-15,SCT:04 29 BKN:07 120,10,,30,-1.1,27,-3,20,-6.7,66,14,310,23,29.81,,,29.83,0,29.83,,,,,,,,,,719,1644,,,,,,,,,,,,,,,,,,,,,,,,,,,,,,,,,,,,,,,,,,,-9999,-9999,,-9999,-9999,,,,,,
WBAN:94789,JFK INTERNATIONAL AIRPORT NY US,3.4,40.6386,-73.7622,07-01-2010 05:51,FM-15,SCT:04 27,10,,30,-1.1,27,-3,20,-6.7,66,15,310,,29.83,,,29.85,0,29.85,,,,,,,,,,719,1644,,,,,,,,,,,,,,,,,,,,,,,,,,,,,,,,,,,,,,,,,,,-9999,-9999,,-9999,-9999,,,,,,
WBAN:94789,JFK INTERNATIONAL AIRPORT NY US,3.4,40.6386,-73.7622,07-01-2010 06:51,FM-15,FEW:02 27,10,,30,-1.1,27,-3,20,-6.7,66,16,310,,29.86,3,,29.88,0,29.88,,,,,,,,,,719,1644,,,,,,,,,,,,,,,,,,,,,,,,,,,,,,,,,,,,,,,,,,,-9999,-9999,,-9999,-9999,,,,,,
WBAN:94789,JFK INTERNATIONAL AIRPORT NY US,3.4,40.6386,-73.7622,07-01-2010 07:00,FM-12,,9.94,,30,-1.1,27,-3,20,-6.7,66,16,310,,29.85,3,-0.05,29.88,,,36,,,,,,,,,719,1644,,,,,,,,,,,,,,,,,,,,,,,,,,,,,,,,,,,,,,,,,,,-9999,-9999,,-9999,-9999,,,,,,
WBAN:94789,JFK INTERNATIONAL AIRPORT NY US,3.4,40.6386,-73.7622,07-01-2010 07:51,FM-15,FEW:02 30,10,,31,-0.6,28,-2.4,21,-6.1,67,15,300,,29.87,,,29.89,0,29.89,,,,,,,,,,719,1644,,,,,,,,,,,,,,,,,,,,,,,,,,,,,,,,,,,,,,,,,,,-9999,-9999,,-9999,-9999,,,,,,
WBAN:94789,JFK INTERNATIONAL AIRPORT NY US,3.4,40.6386,-73.7622,07-01-2010 08:51,FM-15,FEW:02 30 SCT:04 80,10,,33,0.6,29,-1.8,21,-6.1,61,14,300,20,29.88,,,29.9,0,29.9,,,,,,,,,,719,1644,,,,,,,,,,,,,,,,,,,,,,,,,,,,,,,,,,,,,,,,,,,-9999,-9999,,-9999,-9999,,,,,,
WBAN:94789,JFK INTERNATIONAL AIRPORT NY US,3.4,40.6386,-73.7622,07-01-2010 09:51,FM-15,FEW:02 34 SCT:04 250,10,,35,1.7,30,-1.1,21,-6.1,57,22,310,30,29.89,3,,29.91,0,29.91,,,,,,,,,,719,1644,,,,,,,,,,,,,,,,,,,,,,,,,,,,,,,,,,,,,,,,,,,-9999,-9999,,-9999,-9999,,,,,,
WBAN:94789,JFK INTERNATIONAL AIRPORT NY US,3.4,40.6386,-73.7622,07-01-2010 10:00,FM-12,,9.94,,35,1.7,30,-1.1,21,-6.1,57,22,310,,29.88,3,-0.04,29.91,,,,,,,,,,,,719,1644,,,,,,,,,,,,,,,,,,,,,,,,,,,,,,,,,,,,,,,,,,,-9999,-9999,,-9999,-9999,,,,,,
WBAN:94789,JFK INTERNATIONAL AIRPORT NY US,3.4,40.6386,-73.7622,07-01-2010 10:51,FM-15,FEW:02 37 SCT:04 250,10,,36,2.2,31,-0.7,21,-6.1,55,16,300,,29.89,,,29.91,0,29.91,,,,,,,,,,719,1644,,,,,,,,,,,,,,,,,,,,,,,,,,,,,,,,,,,,,,,,,,,-9999,-9999,,-9999,-9999,,,,,,
WBAN:94789,JFK INTERNATIONAL AIRPORT NY US,3.4,40.6386,-73.7622,07-01-2010 11:51,FM-15,FEW:02 43 SCT:04 250,10,,37,2.8,31,-0.4,21,-6.1,52,16,300,,29.86,,,29.88,0,29.88,,,,,,,,,,719,1644,,,,,,,,,,,,,,,,,,,,,,,,,,,,,,,,,,,,,,,,,,,-9999,-9999,,-9999,-9999,,,,,,
WBAN:94789,JFK INTERNATIONAL AIRPORT NY US,3.4,40.6386,-73.7622,07-01-2010 12:51,FM-15,FEW:02 45 BKN:07 250,10,,39,3.9,32,0.3,21,-6.1,48,15,300,,29.85,8,,29.87,0,29.87,,,,,,,,,,719,1644,,,,,,,,,,,,,,,,,,,,,,,,,,,,,,,,,,,,,,,,,,,-9999,-9999,,-9999,-9999,,,,,,
WBAN:94789,JFK INTERNATIONAL AIRPORT NY US,3.4,40.6386,-73.7622,07-01-2010 13:00,FM-12,,9.94,,39,3.9,32,0.3,21,-6.1,48,15,300,,29.84,8,0.04,29.87,,,,30,,,,,,,,719,1644,,,,,,,,,,,,,,,,,,,,,,,,,,,,,,,,,,,,,,,,,,,-9999,-9999,,-9999,-9999,,,,,,
WBAN:94789,JFK INTERNATIONAL AIRPORT NY US,3.4,40.6386,-73.7622,07-01-2010 13:51,FM-15,FEW:02 45 SCT:04 250,10,,39,3.9,32,0.3,21,-6.1,48,16,310,,29.84,,,29.86,0,29.86,,,,,,,,,,719,1644,,,,,,,,,,,,,,,,,,,,,,,,,,,,,,,,,,,,,,,,,,,-9999,-9999,,-9999,-9999,,,,,,
WBAN:94789,JFK INTERNATIONAL AIRPORT NY US,3.4,40.6386,-73.7622,07-01-2010 14:51,FM-15,FEW:02 45 SCT:04 250,10,,39,3.9,32,0.3,21,-6.1,48,16,290,,29.85,,,29.87,0,29.87,,,,,,,,,,719,1644,,,,,,,,,,,,,,,,,,,,,,,,,,,,,,,,,,,,,,,,,,,-9999,-9999,,-9999,-9999,,,,,,
WBAN:94789,JFK INTERNATIONAL AIRPORT NY US,3.4,40.6386,-73.7622,07-01-2010 15:51,FM-15,FEW:02 45 SCT:04 250,10,,37,2.8,31,-0.4,21,-6.1,52,14,300,,29.86,3,,29.88,0,29.88,,,,,,,,,,719,1644,,,,,,,,,,,,,,,,,,,,,,,,,,,,,,,,,,,,,,,,,,,-9999,-9999,,-9999,-9999,,,,,,
WBAN:94789,JFK INTERNATIONAL AIRPORT NY US,3.4,40.6386,-73.7622,07-01-2010 16:00,FM-12,,9.94,,37,2.8,31,-0.4,21,-6.1,52,14,300,,29.85,3,-0.01,29.88,,,,,,,,,,,,719,1644,,,,,,,,,,,,,,,,,,,,,,,,,,,,,,,,,,,,,,,,,,,-9999,-9999,,-9999,-9999,,,,,,
WBAN:94789,JFK INTERNATIONAL AIRPORT NY US,3.4,40.6386,-73.7622,07-01-2010 16:51,FM-15,FEW:02 45 SCT:04 250,10,,36,2.2,31,-0.7,21,-6.1,55,11,290,,29.88,,,29.9,0,29.9,,,,,,,,,,719,1644,,,,,,,,,,,,,,,,,,,,,,,,,,,,,,,,,,,,,,,,,,,-9999,-9999,,-9999,-9999,,,,,,
WBAN:94789,JFK INTERNATIONAL AIRPORT NY US,3.4,40.6386,-73.7622,07-01-2010 17:51,FM-15,FEW:02 45 SCT:04 250,10,,35,1.7,30,-0.9,22,-5.6,59,14,300,,29.88,,,29.9,0,29.9,,,,,,,,,,719,1644,,,,,,,,,,,,,,,,,,,,,,,,,,,,,,,,,,,,,,,,,,,-9999,-9999,,-9999,-9999,,,,,,
WBAN:94789,JFK INTERNATIONAL AIRPORT NY US,3.4,40.6386,-73.7622,07-01-2010 18:51,FM-15,FEW:02 45 SCT:04 250,10,,34,1.1,29,-1.4,21,-6.1,59,10,320,,29.87,0,,29.89,0,29.89,,,,,,,,,,719,1644,,,,,,,,,,,,,,,,,,,,,,,,,,,,,,,,,,,,,,,,,,,-9999,-9999,,-9999,-9999,,,,,,
WBAN:94789,JFK INTERNATIONAL AIRPORT NY US,3.4,40.6386,-73.7622,07-01-2010 19:00,FM-12,,9.94,,34,1.1,29,-1.4,21,-6.1,59,10,320,,29.86,0,-0.01,29.89,,,,,,,,,,,,719,1645,,,,,,,,,,,,,,,,,,,,,,,,,,,,,,,,,,,,,,,,,,,-9999,-9999,,-9999,-9999,,,,,,
WBAN:94789,JFK INTERNATIONAL AIRPORT NY US,3.4,40.6386,-73.7622,07-01-2010 19:51,FM-15,FEW:02 45 BKN:07 250,10,,33,0.6,29,-1.8,21,-6.1,61,11,320,,29.87,,,29.89,0,29.89,,,,,,,,,,719,1645,,,,,,,,,,,,,,,,,,,,,,,,,,,,,,,,,,,,,,,,,,,-9999,-9999,,-9999,-9999,,,,,,
WBAN:94789,JFK INTERNATIONAL AIRPORT NY US,3.4,40.6386,-73.7622,07-01-2010 20:51,FM-15,SCT:04 32 SCT:04 250,10,,32,0,28,-2.1,21,-6.1,64,8,320,,29.86,,,29.88,0,29.88,,,,,,,,,,719,1645,,,,,,,,,,,,,,,,,,,,,,,,,,,,,,,,,,,,,,,,,,,-9999,-9999,,-9999,-9999,,,,,,
WBAN:94789,JFK INTERNATIONAL AIRPORT NY US,3.4,40.6386,-73.7622,07-01-2010 21:51,FM-15,SCT:04 31 BKN:07 250,10,,31,-0.6,28,-2.5,21,-6.1,67,6,360,,29.85,8,,29.87,0,29.87,,,,,,,,,,719,1645,,,,,,,,,,,,,,,,,,,,,,,,,,,,,,,,,,,,,,,,,,,-9999,-9999,,-9999,-9999,,,,,,
WBAN:94789,JFK INTERNATIONAL AIRPORT NY US,3.4,40.6386,-73.7622,07-01-2010 22:00,FM-12,,9.94,,31,-0.6,28,-2.5,21,-6.1,67,6,360,,29.84,8,0.03,29.87,,,,,,,,,,,,719,1645,,,,,,,,,,,,,,,,,,,,,,,,,,,,,,,,,,,,,,,,,,,-9999,-9999,,-9999,-9999,,,,,,
WBAN:94789,JFK INTERNATIONAL AIRPORT NY US,3.4,40.6386,-73.7622,07-01-2010 22:51,FM-15,SCT:04 31 BKN:07 250,10,,32,0,29,-1.9,22,-5.6,66,7,320,,29.85,,,29.87,0,29.87,,,,,,,,,,719,1645,,,,,,,,,,,,,,,,,,,,,,,,,,,,,,,,,,,,,,,,,,,-9999,-9999,,-9999,-9999,,,,,,
WBAN:94789,JFK INTERNATIONAL AIRPORT NY US,3.4,40.6386,-73.7622,07-01-2010 23:51,FM-15,FEW:02 31 BKN:07 100 OVC:08 250,10,,31,-0.6,28,-2.1,23,-5,72,7,220,,29.84,,,29.86,0,29.86,,,,,,,,,,719,1645,,,,,,,,,,,,,,,,,,,,,,,,,,,,,,,,,,,,,,,,,,,-9999,-9999,,-9999,-9999,,,,,,
WBAN:94789,JFK INTERNATIONAL AIRPORT NY US,3.4,40.6386,-73.7622,07-01-2010 23:59,SOD,,,,,,,,,,,,,,,,,,,,40,29,35,2.1,60,21,29,30,0,719,1645,,0,0,0,29.83,29.87,13.3,30,310,24,310,,,,,,,,,,,,,,,,,,,,,,,,,,,,,,,,-9999,-9999,,-9999,-9999,,,,,,
WBAN:94789,JFK INTERNATIONAL AIRPORT NY US,3.4,40.6386,-73.7622,08-01-2010 00:51,FM-15,FEW:02 30 OVC:08 100,10,,31,-0.6,28,-2.1,23,-5,72,5,240,,29.81,8,,29.83,0,29.83,,,,,,,,,,719,1645,,,,,,,,,,,,,,,,,,,,,,,,,,,,,,,,,,,,,,,,,,,-9999,-9999,,-9999,-9999,,,,,,
WBAN:94789,JFK INTERNATIONAL AIRPORT NY US,3.4,40.6386,-73.7622,08-01-2010 01:00,FM-12,,9.94,,31,-0.6,28,-2.1,23,-5,72,5,240,,29.8,8,0.04,29.83,,,34,29,31,-1.8,,,,34,0,719,1645,,,,,,,,,,,,,,,,,,,,,,,,,,,,,,,,,,,,,,,,,,,-9999,-9999,,-9999,-9999,,,,,,
WBAN:94789,JFK INTERNATIONAL AIRPORT NY US,3.4,40.6386,-73.7622,08-01-2010 01:51,FM-15,FEW:02 30 OVC:08 100,10,,30,-1.1,28,-2.3,24,-4.4,79,6,240,,29.8,,,29.82,0,29.82,,,,,,,,,,719,1645,,,,,,,,,,,,,,,,,,,,,,,,,,,,,,,,,,,,,,,,,,,-9999,-9999,,-9999,-9999,,,,,,
WBAN:94789,JFK INTERNATIONAL AIRPORT NY US,3.4,40.6386,-73.7622,08-01-2010 02:51,FM-15,BKN:07 40 OVC:08 70,7,-SN:03 |SN:71 |,32,0,29,-1.4,25,-3.9,75,9,240,,29.8,,,29.82,T,29.82,,,,,,,,,,719,1645,,,,,,,,,,,,,,,,,,,,,,,,,,,,,,,,,,,,,,,,,,,-9999,-9999,,-9999,-9999,,,,,,
WBAN:94789,JFK INTERNATIONAL AIRPORT NY US,3.4,40.6386,-73.7622,08-01-2010 03:01,FM-16,OVC:08 28,4,-SN:03 |SN:71 |,30,-1,28,-2.1,25,-4,80,11,240,,29.79,,,,T,29.81,,,,,,,,,,719,1645,,,,,,,,,,,,,,,,,,,,,,,,,,,,,,,,,,,,,,,,,,,-9999,-9999,,-9999,-9999,,,,,,
WBAN:94789,JFK INTERNATIONAL AIRPORT NY US,3.4,40.6386,-73.7622,08-01-2010 03:51,FM-15,FEW:02 9 BKN:07 31 OVC:08 60,5,-SN:03 BR:1 |SN:71 |,29,-1.7,28,-2.3,26,-3.3,89,8,250,,29.78,8,,29.8,T,29.8,,,,,,,,,,719,1645,,,,,,,,,,,,,,,,,,,,,,,,,,,,,,,,,,,,,,,,,,,-9999,-9999,,-9999,-9999,,,,,,
WBAN:94789,JFK INTERNATIONAL AIRPORT NY US,3.4,40.6386,-73.7622,08-01-2010 04:00,FM-12,,4.97,,29,-1.7,28,-2.3,26,-3.3,89,8,250,,29.77,8,0.03,29.8,,,,,,,,,,,,719,1645,,,,,,,,,,,,,,,,,,,,,,,,,,,,,,,,,,,,,,,,,,,-9999,-9999,,-9999,-9999,,,,,,
WBAN:94789,JFK INTERNATIONAL AIRPORT NY US,3.4,40.6386,-73.7622,08-01-2010 04:51,FM-15,BKN:07 42 OVC:08 70,4,-SN:03 BR:1 |SN:71 |,29,-1.7,28,-2.5,25,-3.9,85,11,250,,29.77,,,29.78,T,29.79,,,,,,,,,,719,1645,,,,,,,,,,,,,,,,,,,,,,,,,,,,,,,,,,,,,,,,,,,-9999,-9999,,-9999,-9999,,,,,,
WBAN:94789,JFK INTERNATIONAL AIRPORT NY US,3.4,40.6386,-73.7622,08-01-2010 05:51,FM-15,FEW:02 12 SCT:04 40 OVC:08 70,6,-SN:03 BR:1 |SN:71 |,29,-1.7,28,-2.5,25,-3.9,85,8,250,,29.75,,,29.77,T,29.77,,,,,,,,,,719,1645,,,,,,,,,,,,,,,,,,,,,,,,,,,,,,,,,,,,,,,,,,,-9999,-9999,,-9999,-9999,,,,,,
WBAN:94789,JFK INTERNATIONAL AIRPORT NY US,3.4,40.6386,-73.7622,08-01-2010 06:06,FM-16,BKN:07 13 BKN:07 55 OVC:08 95,4,-SN:03 BR:1 |SN:71 |,28,-2,27,-2.8,25,-4,86,10,260,,29.75,,,,T,29.77,,,,,,,,,,719,1645,,,,,,,,,,,,,,,,,,,,,,,,,,,,,,,,,,,,,,,,,,,-9999,-9999,,-9999,-9999,,,,,,
WBAN:94789,JFK INTERNATIONAL AIRPORT NY US,3.4,40.6386,-73.7622,08-01-2010 06:24,FM-16,SCT:04 11 BKN:07 24 OVC:08 55,2.5,-SN:03 BR:1 |SN:71 |,28,-2,27,-2.8,25,-4,86,10,250,,29.75,,,,T,29.77,,,,,,,,,,719,1645,,,,,,,,,,,,,,,,,,,,,,,,,,,,,,,,,,,,,,,,,,,-9999,-9999,,-9999,-9999,,,,,,
WBAN:94789,JFK INTERNATIONAL AIRPORT NY US,3.4,40.6386,-73.7622,08-01-2010 06:51,FM-15,FEW:02 10 BKN:07 27 OVC:08 50,2,-SN:03 BR:1 |SN:71 |,29,-1.7,28,-2.5,25,-3.9,85,11,250,,29.75,5,,29.77,T,29.77,,,,,,,,,,719,1645,,,,,,,,,,,,,,,,,,,,,,,,,,,,,,,,,,,,,,,,,,,-9999,-9999,,-9999,-9999,,,,,,
WBAN:94789,JFK INTERNATIONAL AIRPORT NY US,3.4,40.6386,-73.7622,08-01-2010 07:00,FM-12,,1.99,,29,-1.7,28,-2.5,25,-3.9,85,11,250,,29.74,5,0.03,29.77,,,40,,,,,,,,,719,1645,,,,,,,,,,,,,,,,,,,,,,,,,,,,,,,,,,,,,,,,,,,-9999,-9999,,-9999,-9999,,,,,,
WBAN:94789,JFK INTERNATIONAL AIRPORT NY US,3.4,40.6386,-73.7622,08-01-2010 07:51,FM-15,BKN:07 18 BKN:07 32 BKN:07 85,2.5,-SN:03 BR:1 |SN:71 |,29,-1.7,28,-2.5,25,-3.9,85,10,260,,29.74,,,29.76,T,29.76,,,,,,,,,,719,1645,,,,,,,,,,,,,,,,,,,,,,,,,,,,,,,,,,,,,,,,,,,-9999,-9999,,-9999,-9999,,,,,,
WBAN:94789,JFK INTERNATIONAL AIRPORT NY US,3.4,40.6386,-73.7622,08-01-2010 08:06,FM-16,BKN:07 18 BKN:07 85,4,-SN:03 BR:1 |SN:71 |,28,-2,27,-2.8,25,-4,86,11,260,,29.74,,,,T,29.76,,,,,,,,,,719,1645,,,,,,,,,,,,,,,,,,,,,,,,,,,,,,,,,,,,,,,,,,,-9999,-9999,,-9999,-9999,,,,,,
WBAN:94789,JFK INTERNATIONAL AIRPORT NY US,3.4,40.6386,-73.7622,08-01-2010 08:51,FM-15,BKN:07 16 BKN:07 85,7,,30,-1.1,28,-2.1,25,-3.9,82,13,260,,29.72,,,29.74,T,29.74,,,,,,,,,,719,1645,,,,,,,,,,,,,,,,,,,,,,,,,,,,,,,,,,,,,,,,,,,-9999,-9999,,-9999,-9999,,,,,,
WBAN:94789,JFK INTERNATIONAL AIRPORT NY US,3.4,40.6386,-73.7622,08-01-2010 09:51,FM-15,BKN:07 18,10,,30,-1.1,28,-2.3,24,-4.4,79,10,270,,29.71,6,,29.73,0,29.73,,,,,,,,,,719,1645,,,,,,,,,,,,,,,,,,,,,,,,,,,,,,,,,,,,,,,,,,,-9999,-9999,,-9999,-9999,,,,,,
WBAN:94789,JFK INTERNATIONAL AIRPORT NY US,3.4,40.6386,-73.7622,08-01-2010 10:00,FM-12,,9.94,,30,-1.1,28,-2.3,24,-4.4,79,10,270,,29.7,6,0.04,29.73,,,,,,,,,,,,719,1645,,,,,,,,,,,,,,,,,,,,,,,,,,,,,,,,,,,,,,,,,,,-9999,-9999,,-9999,-9999,,,,,,
WBAN:94789,JFK INTERNATIONAL AIRPORT NY US,3.4,40.6386,-73.7622,08-01-2010 10:51,FM-15,BKN:07 18 BKN:07 85,9,,32,0,29,-1.4,25,-3.9,75,7,280,,29.69,,,29.72,0,29.71,,,,,,,,,,719,1645,,,,,,,,,,,,,,,,,,,,,,,,,,,,,,,,,,,,,,,,,,,-9999,-9999,,-9999,-9999,,,,,,
WBAN:94789,JFK INTERNATIONAL AIRPORT NY US,3.4,40.6386,-73.7622,08-01-2010 11:51,FM-15,BKN:07 22 BKN:07 35 BKN:07 90,8,-SN:03 |SN:71 |,32,0,29,-1.4,25,-3.9,75,13,270,,29.68,,,29.7,T,29.7,,,,,,,,,,719,1645,,,,,,,,,,,,,,,,,,,,,,,,,,,,,,,,,,,,,,,,,,,-9999,-9999,,-9999,-9999,,,,,,
WBAN:94789,JFK INTERNATIONAL AIRPORT NY US,3.4,40.6386,-73.7622,08-01-2010 12:51,FM-15,BKN:07 27 OVC:08 95,9,,32,0,29,-1.6,24,-4.4,73,14,280,,29.66,8,,29.68,T,29.68,,,,,,,,,,719,1645,,,,,,,,,,,,,,,,,,,,,,,,,,,,,,,,,,,,,,,,,,,-9999,-9999,,-9999,-9999,,,,,,
WBAN:94789,JFK INTERNATIONAL AIRPORT NY US,3.4,40.6386,-73.7622,08-01-2010 13:00,FM-12,,8.7,,32,0,29,-1.6,24,-4.4,73,14,280,,29.65,8,0.05,29.68,,,,29,,,,,,,,719,1645,,,,,,,,,,,,,,,,,,,,,,,,,,,,,,,,,,,,,,,,,,,-9999,-9999,,-9999,-9999,,,,,,
WBAN:94789,JFK INTERNATIONAL AIRPORT NY US,3.4,40.6386,-73.7622,08-01-2010 13:51,FM-15,BKN:07 27 BKN:07 42 OVC:08 90,9,-SN:03 |SN:71 |,31,-0.6,28,-2.1,23,-5,72,18,270,22,29.66,,,29.68,T,29.68,,,,,,,,,,719,1645,,,,,,,,,,,,,,,,,,,,,,,,,,,,,,,,,,,,,,,,,,,-9999,-9999,,-9999,-9999,,,,,,
WBAN:94789,JFK INTERNATIONAL AIRPORT NY US,3.4,40.6386,-73.7622,08-01-2010 14:28,FM-16,FEW:02 27 OVC:08 36,7,-SN:03 |SN:71 |,32,0,29,-1.4,25,-4,75,14,280,,29.67,,,,T,29.69,,,,,,,,,,719,1645,,,,,,,,,,,,,,,,,,,,,,,,,,,,,,,,,,,,,,,,,,,-9999,-9999,,-9999,-9999,,,,,,
WBAN:94789,JFK INTERNATIONAL AIRPORT NY US,3.4,40.6386,-73.7622,08-01-2010 14:51,FM-15,SCT:04 29 OVC:08 38,6,-SN:03 |SN:71 |,32,0,29,-1.6,24,-4.4,73,14,290,,29.67,,,29.69,T,29.69,,,,,,,,,,719,1645,,,,,,,,,,,,,,,,,,,,,,,,,,,,,,,,,,,,,,,,,,,-9999,-9999,,-9999,-9999,,,,,,
WBAN:94789,JFK INTERNATIONAL AIRPORT NY US,3.4,40.6386,-73.7622,08-01-2010 15:10,FM-16,BKN:07 27 BKN:07 39 OVC:08 45,7,-SN:03 |SN:71 |,32,0,29,-1.4,25,-4,75,14,270,,29.67,,,,T,29.69,,,,,,,,,,719,1645,,,,,,,,,,,,,,,,,,,,,,,,,,,,,,,,,,,,,,,,,,,-9999,-9999,,-9999,-9999,,,,,,
WBAN:94789,JFK INTERNATIONAL AIRPORT NY US,3.4,40.6386,-73.7622,08-01-2010 15:51,FM-15,BKN:07 29 OVC:08 44,10,,33,0.6,29,-1.4,23,-5,66,11,290,,29.68,3,,29.7,T,29.7,,,,,,,,,,719,1645,,,,,,,,,,,,,,,,,,,,,,,,,,,,,,,,,,,,,,,,,,,-9999,-9999,,-9999,-9999,,,,,,
WBAN:94789,JFK INTERNATIONAL AIRPORT NY US,3.4,40.6386,-73.7622,08-01-2010 16:00,FM-12,,9.94,,33,0.6,29,-1.4,23,-5,66,11,290,,29.67,3,-0.02,29.7,,,,,,,,,,,,719,1645,,,,,,,,,,,,,,,,,,,,,,,,,,,,,,,,,,,,,,,,,,,-9999,-9999,,-9999,-9999,,,,,,
WBAN:94789,JFK INTERNATIONAL AIRPORT NY US,3.4,40.6386,-73.7622,08-01-2010 16:15,FM-16,SCT:04 29 BKN:07 40 OVC:08 47,10,-SN:03 |SN:71 |,34,1,30,-1.1,23,-5,65,15,290,21,29.69,,,,T,29.71,,,,,,,,,,719,1645,,,,,,,,,,,,,,,,,,,,,,,,,,,,,,,,,,,,,,,,,,,-9999,-9999,,-9999,-9999,,,,,,
WBAN:94789,JFK INTERNATIONAL AIRPORT NY US,3.4,40.6386,-73.7622,08-01-2010 16:51,FM-15,SCT:04 33 OVC:08 44,10,,33,0.6,29,-1.4,23,-5,66,17,300,23,29.7,,,29.73,T,29.72,,,,,,,,,,719,1645,,,,,,,,,,,,,,,,,,,,,,,,,,,,,,,,,,,,,,,,,,,-9999,-9999,,-9999,-9999,,,,,,
WBAN:94789,JFK INTERNATIONAL AIRPORT NY US,3.4,40.6386,-73.7622,08-01-2010 17:51,FM-15,SCT:04 39 SCT:04 75,10,,30,-1.1,25,-3.9,14,-10,51,21,310,29,29.75,,,29.77,0,29.77,,,,,,,,,,719,1645,,,,,,,,,,,,,,,,,,,,,,,,,,,,,,,,,,,,,,,,,,,-9999,-9999,,-9999,-9999,,,,,,
WBAN:94789,JFK INTERNATIONAL AIRPORT NY US,3.4,40.6386,-73.7622,08-01-2010 18:51,FM-15,FEW:02 39 SCT:04 75,10,,27,-2.8,22,-5.4,11,-11.7,51,26,310,33,29.78,3,,29.81,0,29.8,,,,,,,,,,719,1645,,,,,,,,,,,,,,,,,,,,,,,,,,,,,,,,,,,,,,,,,,,-9999,-9999,,-9999,-9999,,,,,,
WBAN:94789,JFK INTERNATIONAL AIRPORT NY US,3.4,40.6386,-73.7622,08-01-2010 19:00,FM-12,,9.94,,27,-2.8,22,-5.4,11,-11.7,51,26,310,,29.77,3,-0.1,29.81,,,,,,,,,,,,719,1646,,,,,,,,,,,,,,,,,,,,,,,,,,,,,,,,,,,,,,,,,,,-9999,-9999,,-9999,-9999,,,,,,
WBAN:94789,JFK INTERNATIONAL AIRPORT NY US,3.4,40.6386,-73.7622,08-01-2010 19:51,FM-15,FEW:02 42,10,,26,-3.3,21,-6,9,-12.8,48,26,320,33,29.8,,,29.82,0,29.82,,,,,,,,,,719,1646,,,,,,,,,,,,,,,,,,,,,,,,,,,,,,,,,,,,,,,,,,,-9999,-9999,,-9999,-9999,,,,,,
WBAN:94789,JFK INTERNATIONAL AIRPORT NY US,3.4,40.6386,-73.7622,08-01-2010 20:51,FM-15,FEW:02 42,10,,24,-4.4,20,-6.8,8,-13.3,50,24,320,38,29.83,,,29.85,0,29.85,,,,,,,,,,719,1646,,,,,,,,,,,,,,,,,,,,,,,,,,,,,,,,,,,,,,,,,,,-9999,-9999,,-9999,-9999,,,,,,
WBAN:94789,JFK INTERNATIONAL AIRPORT NY US,3.4,40.6386,-73.7622,08-01-2010 21:51,FM-15,FEW:02 42,10,,24,-4.4,20,-6.7,9,-12.8,52,22,330,29,29.85,3,,29.87,0,29.87,,,,,,,,,,719,1646,,,,,,,,,,,,,,,,,,,,,,,,,,,,,,,,,,,,,,,,,,,-9999,-9999,,-9999,-9999,,,,,,
WBAN:94789,JFK INTERNATIONAL AIRPORT NY US,3.4,40.6386,-73.7622,08-01-2010 22:00,FM-12,,9.94,,24,-4.4,20,-6.7,9,-12.8,52,22,330,,29.84,3,-0.06,29.87,,,,,,,,,,,,719,1646,,,,,,,,,,,,,,,,,,,,,,,,,,,,,,,,,,,,,,,,,,,-9999,-9999,,-9999,-9999,,,,,,
WBAN:94789,JFK INTERNATIONAL AIRPORT NY US,3.4,40.6386,-73.7622,08-01-2010 22:51,FM-15,FEW:02 45,10,,23,-5,19,-7.1,9,-12.8,55,22,320,28,29.87,,,29.89,0,29.89,,,,,,,,,,719,1646,,,,,,,,,,,,,,,,,,,,,,,,,,,,,,,,,,,,,,,,,,,-9999,-9999,,-9999,-9999,,,,,,
WBAN:94789,JFK INTERNATIONAL AIRPORT NY US,3.4,40.6386,-73.7622,08-01-2010 23:51,FM-15,FEW:02 45,10,,23,-5,19,-7.1,9,-12.8,55,13,320,,29.88,,,29.9,0,29.9,,,,,,,,,,719,1646,,,,,,,,,,,,,,,,,,,,,,,,,,,,,,,,,,,,,,,,,,,-9999,-9999,,-9999,-9999,,,,,,
WBAN:94789,JFK INTERNATIONAL AIRPORT NY US,3.4,40.6386,-73.7622,08-01-2010 23:59,SOD,,,,,,,,,,,,,,,,,,,,33,23,28,-4.8,70,20,26,37,0,719,1646,SN:18 BR:13,0.03,0.4,T,29.75,29.77,14.2,39,320,30,320,,,,,,,,,,,,0.4,,,,,,,,,,,,,,,,,,,,-9999,-9999,,-9999,-9999,,,,,,
WBAN:94789,JFK INTERNATIONAL AIRPORT NY US,3.4,40.6386,-73.7622,09-01-2010 00:51,FM-15,FEW:02 43,10,,23,-5,19,-7.1,9,-12.8,55,17,320,25,29.89,1,,29.91,0,29.91,,,,,,,,,,719,1646,,,,,,,,,,,,,,,,,,,,,,,,,,,,,,,,,,,,,,,,,,,-9999,-9999,,-9999,-9999,,,,,,
WBAN:94789,JFK INTERNATIONAL AIRPORT NY US,3.4,40.6386,-73.7622,09-01-2010 01:00,FM-12,,9.94,,23,-5,19,-7.1,9,-12.8,55,17,320,,29.88,1,-0.04,29.91,,,32,22,27,-5.7,,,,38,0,719,1646,,,,,,,,,,,,,,,,,,,,,,,,,,,,,,,,,,,,,,,,,,,-9999,-9999,,-9999,-9999,,,,,,
WBAN:94789,JFK INTERNATIONAL AIRPORT NY US,3.4,40.6386,-73.7622,09-01-2010 01:51,FM-15,,10,,22,-5.6,19,-7.5,9,-12.8,57,16,320,,29.91,,,29.93,0,29.93,,,,,,,,,,719,1646,,,,,,,,,,,,,,,,,,,,,,,,,,,,,,,,,,,,,,,,,,,-9999,-9999,,-9999,-9999,,,,,,
WBAN:94789,JFK INTERNATIONAL AIRPORT NY US,3.4,40.6386,-73.7622,09-01-2010 02:51,FM-15,,10,,22,-5.6,19,-7.5,9,-12.8,57,18,320,,29.92,,,29.94,0,29.94,,,,,,,,,,719,1646,,,,,,,,,,,,,,,,,,,,,,,,,,,,,,,,,,,,,,,,,,,-9999,-9999,,-9999,-9999,,,,,,
WBAN:94789,JFK INTERNATIONAL AIRPORT NY US,3.4,40.6386,-73.7622,09-01-2010 03:51,FM-15,,10,,21,-6.1,18,-7.9,9,-12.8,59,15,320,,29.94,1,,29.96,0,29.96,,,,,,,,,,719,1646,,,,,,,,,,,,,,,,,,,,,,,,,,,,,,,,,,,,,,,,,,,-9999,-9999,,-9999,-9999,,,,,,
WBAN:94789,JFK INTERNATIONAL AIRPORT NY US,3.4,40.6386,-73.7622,09-01-2010 04:00,FM-12,CLR:00,9.94,,21,-6.1,18,-7.9,9,-12.8,59,15,320,,29.93,1,-0.05,29.96,,,,,,,,,,,,719,1646,,,,,,,,,,,,,,,,,,,,,,,,,,,,,,,,,,,,,,,,,,,-9999,-9999,,-9999,-9999,,,,,,
WBAN:94789,JFK INTERNATIONAL AIRPORT NY US,3.4,40.6386,-73.7622,09-01-2010 04:51,FM-15,,10,,21,-6.1,18,-8,8,-13.3,57,15,320,,29.95,,,29.97,0,29.97,,,,,,,,,,719,1646,,,,,,,,,,,,,,,,,,,,,,,,,,,,,,,,,,,,,,,,,,,-9999,-9999,,-9999,-9999,,,,,,
WBAN:94789,JFK INTERNATIONAL AIRPORT NY US,3.4,40.6386,-73.7622,09-01-2010 05:51,FM-15,FEW:02 40,10,,20,-6.7,17,-8.4,8,-13.3,60,21,330,,29.98,,,30,0,30,,,,,,,,,,719,1646,,,,,,,,,,,,,,,,,,,,,,,,,,,,,,,,,,,,,,,,,,,-9999,-9999,,-9999,-9999,,,,,,
WBAN:94789,JFK INTERNATIONAL AIRPORT NY US,3.4,40.6386,-73.7622,09-01-2010 06:51,FM-15,FEW:02 43,10,,20,-6.7,17,-8.5,7,-13.9,57,15,320,,30.01,3,,30.03,0,30.03,,,,,,,,,,719,1646,,,,,,,,,,,,,,,,,,,,,,,,,,,,,,,,,,,,,,,,,,,-9999,-9999,,-9999,-9999,,,,,,
WBAN:94789,JFK INTERNATIONAL AIRPORT NY US,3.4,40.6386,-73.7622,09-01-2010 07:00,FM-12,,9.94,,20,-6.7,17,-8.5,7,-13.9,57,15,320,,30,3,-0.06,30.03,,,33,,,,,,,,,719,1646,,,,,,,,,,,,,,,,,,,,,,,,,,,,,,,,,,,,,,,,,,,-9999,-9999,,-9999,-9999,,,,,,
WBAN:94789,JFK INTERNATIONAL AIRPORT NY US,3.4,40.6386,-73.7622,09-01-2010 07:51,FM-15,FEW:02 45,10,,20,-6.7,17,-8.5,7,-13.9,57,15,310,,30.03,,,30.05,0,30.05,,,,,,,,,,719,1646,,,,,,,,,,,,,,,,,,,,,,,,,,,,,,,,,,,,,,,,,,,-9999,-9999,,-9999,-9999,,,,,,
WBAN:94789,JFK INTERNATIONAL AIRPORT NY US,3.4,40.6386,-73.7622,09-01-2010 08:51,FM-15,FEW:02 47,10,,22,-5.6,18,-7.6,8,-13.3,55,15,330,,30.04,,,30.06,0,30.06,,,,,,,,,,719,1646,,,,,,,,,,,,,,,,,,,,,,,,,,,,,,,,,,,,,,,,,,,-9999,-9999,,-9999,-9999,,,,,,
WBAN:94789,JFK INTERNATIONAL AIRPORT NY US,3.4,40.6386,-73.7622,09-01-2010 09:51,FM-15,FEW:02 49,10,,25,-3.9,20,-6.6,7,-13.9,46,16,330,23,30.06,1,,30.08,0,30.08,,,,,,,,,,719,1646,,,,,,,,,,,,,,,,,,,,,,,,,,,,,,,,,,,,,,,,,,,-9999,-9999,,-9999,-9999,,,,,,
WBAN:94789,JFK INTERNATIONAL AIRPORT NY US,3.4,40.6386,-73.7622,09-01-2010 10:00,FM-12,,9.94,,25,-3.9,20,-6.6,7,-13.9,46,16,330,,30.05,1,-0.05,30.08,,,,,,,,,,,,719,1646,,,,,,,,,,,,,,,,,,,,,,,,,,,,,,,,,,,,,,,,,,,-9999,-9999,,-9999,-9999,,,,,,
WBAN:94789,JFK INTERNATIONAL AIRPORT NY US,3.4,40.6386,-73.7622,09-01-2010 10:51,FM-15,FEW:02 50,10,,27,-2.8,21,-5.9,6,-14.4,41,21,340,24,30.05,,,30.07,0,30.07,,,,,,,,,,719,1646,,,,,,,,,,,,,,,,,,,,,,,,,,,,,,,,,,,,,,,,,,,-9999,-9999,,-9999,-9999,,,,,,
WBAN:94789,JFK INTERNATIONAL AIRPORT NY US,3.4,40.6386,-73.7622,09-01-2010 11:51,FM-15,,10,,28,-2.2,22,-5.6,5,-15,37,18,330,,30.04,,,30.06,0,30.06,,,,,,,,,,719,1646,,,,,,,,,,,,,,,,,,,,,,,,,,,,,,,,,,,,,,,,,,,-9999,-9999,,-9999,-9999,,,,,,
WBAN:94789,JFK INTERNATIONAL AIRPORT NY US,3.4,40.6386,-73.7622,09-01-2010 12:51,FM-15,,10,,30,-1.1,23,-5,4,-15.6,33,17,330,24,30.04,7,,30.06,0,30.06,,,,,,,,,,719,1646,,,,,,,,,,,,,,,,,,,,,,,,,,,,,,,,,,,,,,,,,,,-9999,-9999,,-9999,-9999,,,,,,
WBAN:94789,JFK INTERNATIONAL AIRPORT NY US,3.4,40.6386,-73.7622,09-01-2010 13:00,FM-12,CLR:00,9.94,,30,-1.1,23,-5,4,-15.6,33,17,330,,30.03,7,0.02,30.06,,,,20,,,,,,,,719,1646,,,,,,,,,,,,,,,,,,,,,,,,,,,,,,,,,,,,,,,,,,,-9999,-9999,,-9999,-9999,,,,,,
WBAN:94789,JFK INTERNATIONAL AIRPORT NY US,3.4,40.6386,-73.7622,09-01-2010 13:51,FM-15,,10,,31,-0.6,24,-4.6,4,-15.6,31,16,320,23,30.03,,,30.05,0,30.05,,,,,,,,,,719,1646,,,,,,,,,,,,,,,,,,,,,,,,,,,,,,,,,,,,,,,,,,,-9999,-9999,,-9999,-9999,,,,,,
WBAN:94789,JFK INTERNATIONAL AIRPORT NY US,3.4,40.6386,-73.7622,09-01-2010 14:51,FM-15,,10,,31,-0.6,23,-4.7,3,-16.1,30,17,340,,30.04,,,30.06,0,30.06,,,,,,,,,,719,1646,,,,,,,,,,,,,,,,,,,,,,,,,,,,,,,,,,,,,,,,,,,-9999,-9999,,-9999,-9999,,,,,,
WBAN:94789,JFK INTERNATIONAL AIRPORT NY US,3.4,40.6386,-73.7622,09-01-2010 15:51,FM-15,,10,,31,-0.6,23,-4.8,2,-16.7,29,14,340,,30.05,3,,30.07,0,30.07,,,,,,,,,,719,1646,,,,,,,,,,,,,,,,,,,,,,,,,,,,,,,,,,,,,,,,,,,-9999,-9999,,-9999,-9999,,,,,,
WBAN:94789,JFK INTERNATIONAL AIRPORT NY US,3.4,40.6386,-73.7622,09-01-2010 16:00,FM-12,CLR:00,9.94,,31,-0.6,23,-4.8,2,-16.7,29,14,340,,30.04,3,-0.01,30.07,,,,,,,,,,,,719,1646,,,,,,,,,,,,,,,,,,,,,,,,,,,,,,,,,,,,,,,,,,,-9999,-9999,,-9999,-9999,,,,,,
WBAN:94789,JFK INTERNATIONAL AIRPORT NY US,3.4,40.6386,-73.7622,09-01-2010 16:51,FM-15,,10,,28,-2.2,21,-6,1,-17.2,31,16,310,,30.07,,,30.09,0,30.09,,,,,,,,,,719,1646,,,,,,,,,,,,,,,,,,,,,,,,,,,,,,,,,,,,,,,,,,,-9999,-9999,,-9999,-9999,,,,,,
WBAN:94789,JFK INTERNATIONAL AIRPORT NY US,3.4,40.6386,-73.7622,09-01-2010 17:51,FM-15,,10,,27,-2.8,20,-6.5,0,-17.8,31,18,330,,30.08,,,30.1,0,30.1,,,,,,,,,,719,1646,,,,,,,,,,,,,,,,,,,,,,,,,,,,,,,,,,,,,,,,,,,-9999,-9999,,-9999,-9999,,,,,,
WBAN:94789,JFK INTERNATIONAL AIRPORT NY US,3.4,40.6386,-73.7622,09-01-2010 18:51,FM-15,,10,,26,-3.3,20,-6.8,0,-17.8,32,16,330,,30.11,3,,30.14,0,30.13,,,,,,,,,,719,1646,,,,,,,,,,,,,,,,,,,,,,,,,,,,,,,,,,,,,,,,,,,-9999,-9999,,-9999,-9999,,,,,,
WBAN:94789,JFK INTERNATIONAL AIRPORT NY US,3.4,40.6386,-73.7622,09-01-2010 19:00,FM-12,CLR:00,9.94,,26,-3.3,20,-6.8,0,-17.8,32,16,330,,30.1,3,-0.06,30.14,,,,,,,,,,,,719,1647,,,,,,,,,,,,,,,,,,,,,,,,,,,,,,,,,,,,,,,,,,,-9999,-9999,,-9999,-9999,,,,,,
WBAN:94789,JFK INTERNATIONAL AIRPORT NY US,3.4,40.6386,-73.7622,09-01-2010 19:51,FM-15,,10,,24,-4.4,18,-7.7,-1,-18.3,33,16,320,,30.14,,,30.16,0,30.16,,,,,,,,,,719,1647,,,,,,,,,,,,,,,,,,,,,,,,,,,,,,,,,,,,,,,,,,,-9999,-9999,,-9999,-9999,,,,,,
WBAN:94789,JFK INTERNATIONAL AIRPORT NY US,3.4,40.6386,-73.7622,09-01-2010 20:51,FM-15,,10,,23,-5,17,-8.1,-2,-18.9,33,15,320,,30.15,,,30.17,0,30.17,,,,,,,,,,719,1647,,,,,,,,,,,,,,,,,,,,,,,,,,,,,,,,,,,,,,,,,,,-9999,-9999,,-9999,-9999,,,,,,
WBAN:94789,JFK INTERNATIONAL AIRPORT NY US,3.4,40.6386,-73.7622,09-01-2010 21:51,FM-15,,10,,21,-6.1,16,-8.9,-2,-18.9,36,15,330,,30.17,1,,30.19,0,30.19,,,,,,,,,,719,1647,,,,,,,,,,,,,,,,,,,,,,,,,,,,,,,,,,,,,,,,,,,-9999,-9999,,-9999,-9999,,,,,,
WBAN:94789,JFK INTERNATIONAL AIRPORT NY US,3.4,40.6386,-73.7622,09-01-2010 22:00,FM-12,CLR:00,9.94,,21,-6.1,16,-8.9,-2,-18.9,36,15,330,,30.16,1,-0.05,30.19,,,,,,,,,,,,719,1647,,,,,,,,,,,,,,,,,,,,,,,,,,,,,,,,,,,,,,,,,,,-9999,-9999,,-9999,-9999,,,,,,
WBAN:94789,JFK INTERNATIONAL AIRPORT NY US,3.4,40.6386,-73.7622,09-01-2010 22:51,FM-15,,10,,20,-6.7,15,-9.3,-2,-18.9,38,16,340,,30.17,,,30.19,0,30.19,,,,,,,,,,719,1647,,,,,,,,,,,,,,,,,,,,,,,,,,,,,,,,,,,,,,,,,,,-9999,-9999,,-9999,-9999,,,,,,
WBAN:94789,JFK INTERNATIONAL AIRPORT NY US,3.4,40.6386,-73.7622,09-01-2010 23:51,FM-15,,10,,19,-7.2,15,-9.6,-1,-18.3,41,10,340,,30.18,,,30.2,0,30.2,,,,,,,,,,719,1647,,,,,,,,,,,,,,,,,,,,,,,,,,,,,,,,,,,,,,,,,,,-9999,-9999,,-9999,-9999,,,,,,
WBAN:94789,JFK INTERNATIONAL AIRPORT NY US,3.4,40.6386,-73.7622,09-01-2010 23:59,SOD,,,,,,,,,,,,,,,,,,,,32,19,26,-6.7,43,4,19,39,0,719,1647,,0,0,0,30,30.06,16.2,28,330,24,320,,,,,,,,,,,,,,,,,,,,,,,,,,,,,,,,-9999,-9999,,-9999,-9999,,,,,,
WBAN:94789,JFK INTERNATIONAL AIRPORT NY US,3.4,40.6386,-73.7622,10-01-2010 00:51,FM-15,,10,,17,-8.3,13,-10.5,-1,-18.3,45,11,330,,30.18,1,,30.2,0,30.2,,,,,,,,,,719,1647,,,,,,,,,,,,,,,,,,,,,,,,,,,,,,,,,,,,,,,,,,,-9999,-9999,,-9999,-9999,,,,,,
WBAN:94789,JFK INTERNATIONAL AIRPORT NY US,3.4,40.6386,-73.7622,10-01-2010 01:00,FM-12,CLR:00,9.94,,17,-8.3,13,-10.5,-1,-18.3,45,11,330,,30.17,1,-0.01,30.2,,,26,17,22,-10.6,,,,43,0,719,1647,,,,,,,,,,,,,,,,,,,,,,,,,,,,,,,,,,,,,,,,,,,-9999,-9999,,-9999,-9999,,,,,,
WBAN:94789,JFK INTERNATIONAL AIRPORT NY US,3.4,40.6386,-73.7622,10-01-2010 01:51,FM-15,,10,,17,-8.3,13,-10.5,-1,-18.3,45,11,340,,30.19,,,30.21,0,30.21,,,,,,,,,,719,1647,,,,,,,,,,,,,,,,,,,,,,,,,,,,,,,,,,,,,,,,,,,-9999,-9999,,-9999,-9999,,,,,,
WBAN:94789,JFK INTERNATIONAL AIRPORT NY US,3.4,40.6386,-73.7622,10-01-2010 02:51,FM-15,,10,,16,-8.9,13,-10.8,0,-17.8,49,9,340,,30.2,,,30.22,0,30.22,,,,,,,,,,719,1647,,,,,,,,,,,,,,,,,,,,,,,,,,,,,,,,,,,,,,,,,,,-9999,-9999,,-9999,-9999,,,,,,
WBAN:94789,JFK INTERNATIONAL AIRPORT NY US,3.4,40.6386,-73.7622,10-01-2010 03:51,FM-15,,10,,16,-8.9,12,-10.9,-1,-18.3,47,13,340,,30.2,1,,30.22,0,30.22,,,,,,,,,,719,1647,,,,,,,,,,,,,,,,,,,,,,,,,,,,,,,,,,,,,,,,,,,-9999,-9999,,-9999,-9999,,,,,,
WBAN:94789,JFK INTERNATIONAL AIRPORT NY US,3.4,40.6386,-73.7622,10-01-2010 04:00,FM-12,CLR:00,9.94,,16,-8.9,12,-10.9,-1,-18.3,47,13,340,,30.19,1,-0.02,30.22,,,,,,,,,,,,719,1647,,,,,,,,,,,,,,,,,,,,,,,,,,,,,,,,,,,,,,,,,,,-9999,-9999,,-9999,-9999,,,,,,
WBAN:94789,JFK INTERNATIONAL AIRPORT NY US,3.4,40.6386,-73.7622,10-01-2010 04:51,FM-15,,10,,15,-9.4,12,-11.3,-1,-18.3,49,13,340,,30.2,,,30.22,0,30.22,,,,,,,,,,719,1647,,,,,,,,,,,,,,,,,,,,,,,,,,,,,,,,,,,,,,,,,,,-9999,-9999,,-9999,-9999,,,,,,
WBAN:94789,JFK INTERNATIONAL AIRPORT NY US,3.4,40.6386,-73.7622,10-01-2010 05:51,FM-15,,10,,15,-9.4,12,-11.3,-1,-18.3,49,11,320,,30.21,,,30.24,0,30.23,,,,,,,,,,719,1647,,,,,,,,,,,,,,,,,,,,,,,,,,,,,,,,,,,,,,,,,,,-9999,-9999,,-9999,-9999,,,,,,
WBAN:94789,JFK INTERNATIONAL AIRPORT NY US,3.4,40.6386,-73.7622,10-01-2010 06:51,FM-15,,10,,15,-9.4,12,-11.2,0,-17.8,51,11,330,,30.24,3,,30.26,0,30.26,,,,,,,,,,719,1647,,,,,,,,,,,,,,,,,,,,,,,,,,,,,,,,,,,,,,,,,,,-9999,-9999,,-9999,-9999,,,,,,
WBAN:94789,JFK INTERNATIONAL AIRPORT NY US,3.4,40.6386,-73.7622,10-01-2010 07:00,FM-12,CLR:00,9.94,,15,-9.4,12,-11.2,0,-17.8,51,11,330,,30.23,3,-0.04,30.26,,,32,,,,,,,,,719,1647,,,,,,,,,,,,,,,,,,,,,,,,,,,,,,,,,,,,,,,,,,,-9999,-9999,,-9999,-9999,,,,,,
WBAN:94789,JFK INTERNATIONAL AIRPORT NY US,3.4,40.6386,-73.7622,10-01-2010 07:51,FM-15,,10,,15,-9.4,12,-11.2,0,-17.8,51,15,330,,30.25,,,30.27,0,30.27,,,,,,,,,,719,1647,,,,,,,,,,,,,,,,,,,,,,,,,,,,,,,,,,,,,,,,,,,-9999,-9999,,-9999,-9999,,,,,,
WBAN:94789,JFK INTERNATIONAL AIRPORT NY US,3.4,40.6386,-73.7622,10-01-2010 08:51,FM-15,FEW:02 200,10,,18,-7.8,14,-10,0,-17.8,45,11,340,,30.26,,,30.28,0,30.28,,,,,,,,,,719,1647,,,,,,,,,,,,,,,,,,,,,,,,,,,,,,,,,,,,,,,,,,,-9999,-9999,,-9999,-9999,,,,,,
WBAN:94789,JFK INTERNATIONAL AIRPORT NY US,3.4,40.6386,-73.7622,10-01-2010 09:51,FM-15,FEW:02 120,10,,20,-6.7,15,-9.2,-1,-18.3,40,16,330,,30.27,1,,30.29,0,30.29,,,,,,,,,,719,1647,,,,,,,,,,,,,,,,,,,,,,,,,,,,,,,,,,,,,,,,,,,-9999,-9999,,-9999,-9999,,,,,,
WBAN:94789,JFK INTERNATIONAL AIRPORT NY US,3.4,40.6386,-73.7622,10-01-2010 10:00,FM-12,,9.94,,20,-6.7,15,-9.2,-1,-18.3,40,16,330,,30.26,1,-0.03,30.29,,,,,,,,,,,,719,1647,,,,,,,,,,,,,,,,,,,,,,,,,,,,,,,,,,,,,,,,,,,-9999,-9999,,-9999,-9999,,,,,,
WBAN:94789,JFK INTERNATIONAL AIRPORT NY US,3.4,40.6386,-73.7622,10-01-2010 10:51,FM-15,FEW:02 110,10,,23,-5,17,-8.1,-2,-18.9,33,13,330,,30.26,,,30.28,0,30.28,,,,,,,,,,719,1647,,,,,,,,,,,,,,,,,,,,,,,,,,,,,,,,,,,,,,,,,,,-9999,-9999,,-9999,-9999,,,,,,
WBAN:94789,JFK INTERNATIONAL AIRPORT NY US,3.4,40.6386,-73.7622,10-01-2010 11:51,FM-15,FEW:02 110,10,,26,-3.3,19,-7,-2,-18.9,29,14,340,,30.24,,,30.26,0,30.26,,,,,,,,,,719,1647,,,,,,,,,,,,,,,,,,,,,,,,,,,,,,,,,,,,,,,,,,,-9999,-9999,,-9999,-9999,,,,,,
WBAN:94789,JFK INTERNATIONAL AIRPORT NY US,3.4,40.6386,-73.7622,10-01-2010 12:51,FM-15,FEW:02 110 SCT:04 250,10,,28,-2.2,21,-6.3,-3,-19.4,26,13,350,,30.21,8,,30.23,0,30.23,,,,,,,,,,719,1647,,,,,,,,,,,,,,,,,,,,,,,,,,,,,,,,,,,,,,,,,,,-9999,-9999,,-9999,-9999,,,,,,
WBAN:94789,JFK INTERNATIONAL AIRPORT NY US,3.4,40.6386,-73.7622,10-01-2010 13:00,FM-12,,9.94,,28,-2.2,21,-6.3,-3,-19.4,26,13,350,,30.2,8,0.06,30.23,,,,14,,,,,,,,719,1647,,,,,,,,,,,,,,,,,,,,,,,,,,,,,,,,,,,,,,,,,,,-9999,-9999,,-9999,-9999,,,,,,
WBAN:94789,JFK INTERNATIONAL AIRPORT NY US,3.4,40.6386,-73.7622,10-01-2010 13:51,FM-15,FEW:02 110 SCT:04 250,10,,30,-1.1,22,-5.4,-1,-18.3,26,10,330,,30.19,,,30.21,0,30.21,,,,,,,,,,719,1647,,,,,,,,,,,,,,,,,,,,,,,,,,,,,,,,,,,,,,,,,,,-9999,-9999,,-9999,-9999,,,,,,
WBAN:94789,JFK INTERNATIONAL AIRPORT NY US,3.4,40.6386,-73.7622,10-01-2010 14:51,FM-15,FEW:02 110 SCT:04 250,10,,30,-1.1,22,-5.4,-1,-18.3,26,13,330,,30.18,,,30.2,0,30.2,,,,,,,,,,719,1647,,,,,,,,,,,,,,,,,,,,,,,,,,,,,,,,,,,,,,,,,,,-9999,-9999,,-9999,-9999,,,,,,
WBAN:94789,JFK INTERNATIONAL AIRPORT NY US,3.4,40.6386,-73.7622,10-01-2010 15:51,FM-15,FEW:02 110 SCT:04 250,10,,28,-2.2,21,-6.1,-1,-18.3,28,13,330,,30.18,5,,30.2,0,30.2,,,,,,,,,,719,1647,,,,,,,,,,,,,,,,,,,,,,,,,,,,,,,,,,,,,,,,,,,-9999,-9999,,-9999,-9999,,,,,,
WBAN:94789,JFK INTERNATIONAL AIRPORT NY US,3.4,40.6386,-73.7622,10-01-2010 16:00,FM-12,,9.94,,28,-2.2,21,-6.1,-1,-18.3,28,13,330,,30.17,5,0.02,30.2,,,,,,,,,,,,719,1647,,,,,,,,,,,,,,,,,,,,,,,,,,,,,,,,,,,,,,,,,,,-9999,-9999,,-9999,-9999,,,,,,
WBAN:94789,JFK INTERNATIONAL AIRPORT NY US,3.4,40.6386,-73.7622,10-01-2010 16:51,FM-15,FEW:02 130 SCT:04 250,10,,27,-2.8,21,-6.4,1,-17.2,32,10,310,,30.18,,,30.2,0,30.2,,,,,,,,,,719,1647,,,,,,,,,,,,,,,,,,,,,,,,,,,,,,,,,,,,,,,,,,,-9999,-9999,,-9999,-9999,,,,,,
WBAN:94789,JFK INTERNATIONAL AIRPORT NY US,3.4,40.6386,-73.7622,10-01-2010 17:51,FM-15,FEW:02 130 SCT:04 250,10,,26,-3.3,20,-6.7,1,-17.2,34,13,340,,30.2,,,30.22,0,30.22,,,,,,,,,,719,1647,,,,,,,,,,,,,,,,,,,,,,,,,,,,,,,,,,,,,,,,,,,-9999,-9999,,-9999,-9999,,,,,,
WBAN:94789,JFK INTERNATIONAL AIRPORT NY US,3.4,40.6386,-73.7622,10-01-2010 18:51,FM-15,SCT:04 130 BKN:07 250,10,,27,-2.8,20,-6.4,0,-17.8,31,14,320,,30.21,3,,30.23,0,30.23,,,,,,,,,,719,1647,,,,,,,,,,,,,,,,,,,,,,,,,,,,,,,,,,,,,,,,,,,-9999,-9999,,-9999,-9999,,,,,,
WBAN:94789,JFK INTERNATIONAL AIRPORT NY US,3.4,40.6386,-73.7622,10-01-2010 19:00,FM-12,,9.94,,27,-2.8,20,-6.4,0,-17.8,31,14,320,,30.2,3,-0.03,30.23,,,,,,,,,,,,718,1648,,,,,,,,,,,,,,,,,,,,,,,,,,,,,,,,,,,,,,,,,,,-9999,-9999,,-9999,-9999,,,,,,
WBAN:94789,JFK INTERNATIONAL AIRPORT NY US,3.4,40.6386,-73.7622,10-01-2010 19:51,FM-15,FEW:02 130 SCT:04 250,10,,26,-3.3,20,-6.6,3,-16.1,37,13,310,,30.21,,,30.23,0,30.23,,,,,,,,,,718,1648,,,,,,,,,,,,,,,,,,,,,,,,,,,,,,,,,,,,,,,,,,,-9999,-9999,,-9999,-9999,,,,,,
WBAN:94789,JFK INTERNATIONAL AIRPORT NY US,3.4,40.6386,-73.7622,10-01-2010 20:51,FM-15,FEW:02 130 SCT:04 250,10,,25,-3.9,20,-6.9,4,-15.6,40,11,320,,30.21,,,30.23,0,30.23,,,,,,,,,,718,1648,,,,,,,,,,,,,,,,,,,,,,,,,,,,,,,,,,,,,,,,,,,-9999,-9999,,-9999,-9999,,,,,,
WBAN:94789,JFK INTERNATIONAL AIRPORT NY US,3.4,40.6386,-73.7622,10-01-2010 21:51,FM-15,FEW:02 130 SCT:04 250,10,,25,-3.9,20,-6.8,5,-15,42,11,300,,30.2,8,,30.22,0,30.22,,,,,,,,,,718,1648,,,,,,,,,,,,,,,,,,,,,,,,,,,,,,,,,,,,,,,,,,,-9999,-9999,,-9999,-9999,,,,,,
WBAN:94789,JFK INTERNATIONAL AIRPORT NY US,3.4,40.6386,-73.7622,10-01-2010 22:00,FM-12,,9.94,,25,-3.9,20,-6.8,5,-15,42,11,300,,30.19,8,0.01,30.22,,,,,,,,,,,,718,1648,,,,,,,,,,,,,,,,,,,,,,,,,,,,,,,,,,,,,,,,,,,-9999,-9999,,-9999,-9999,,,,,,
WBAN:94789,JFK INTERNATIONAL AIRPORT NY US,3.4,40.6386,-73.7622,10-01-2010 22:51,FM-15,SCT:04 250,10,,25,-3.9,20,-6.8,5,-15,42,9,270,,30.2,,,30.22,0,30.22,,,,,,,,,,718,1648,,,,,,,,,,,,,,,,,,,,,,,,,,,,,,,,,,,,,,,,,,,-9999,-9999,,-9999,-9999,,,,,,
WBAN:94789,JFK INTERNATIONAL AIRPORT NY US,3.4,40.6386,-73.7622,10-01-2010 23:51,FM-15,FEW:02 250,10,,24,-4.4,19,-7,6,-14.4,46,13,270,,30.19,,,30.22,0,30.21,,,,,,,,,,718,1648,,,,,,,,,,,,,,,,,,,,,,,,,,,,,,,,,,,,,,,,,,,-9999,-9999,,-9999,-9999,,,,,,
WBAN:94789,JFK INTERNATIONAL AIRPORT NY US,3.4,40.6386,-73.7622,10-01-2010 23:59,SOD,,,,,,,,,,,,,,,,,,,,30,14,22,-10.6,39,0,17,43,0,718,1648,,0,0,0,30.2,30.23,12.2,23,320,18,320,,,,,,,,,,,,,,,,,,,,,,,,,,,,,,,,-9999,-9999,,-9999,-9999,,,,,,
WBAN:94789,JFK INTERNATIONAL AIRPORT NY US,3.4,40.6386,-73.7622,11-01-2010 00:51,FM-15,,10,,24,-4.4,20,-6.8,8,-13.3,50,9,280,,30.19,8,,30.21,0,30.21,,,,,,,,,,718,1648,,,,,,,,,,,,,,,,,,,,,,,,,,,,,,,,,,,,,,,,,,,-9999,-9999,,-9999,-9999,,,,,,
WBAN:94789,JFK INTERNATIONAL AIRPORT NY US,3.4,40.6386,-73.7622,11-01-2010 01:00,FM-12,CLR:00,9.94,,24,-4.4,20,-6.8,8,-13.3,50,9,280,,30.18,8,0.01,30.21,,,27,14,20,-12.6,,,,45,0,718,1648,,,,,,,,,,,,,,,,,,,,,,,,,,,,,,,,,,,,,,,,,,,-9999,-9999,,-9999,-9999,,,,,,
WBAN:94789,JFK INTERNATIONAL AIRPORT NY US,3.4,40.6386,-73.7622,11-01-2010 01:51,FM-15,,10,,23,-5,19,-7.2,8,-13.3,53,11,300,,30.17,,,30.19,0,30.19,,,,,,,,,,718,1648,,,,,,,,,,,,,,,,,,,,,,,,,,,,,,,,,,,,,,,,,,,-9999,-9999,,-9999,-9999,,,,,,
WBAN:94789,JFK INTERNATIONAL AIRPORT NY US,3.4,40.6386,-73.7622,11-01-2010 02:51,FM-15,,10,,23,-5,19,-7.2,8,-13.3,53,11,290,,30.17,,,30.19,0,30.19,,,,,,,,,,718,1648,,,,,,,,,,,,,,,,,,,,,,,,,,,,,,,,,,,,,,,,,,,-9999,-9999,,-9999,-9999,,,,,,
WBAN:94789,JFK INTERNATIONAL AIRPORT NY US,3.4,40.6386,-73.7622,11-01-2010 03:51,FM-15,,10,,22,-5.6,18,-7.6,8,-13.3,55,10,290,,30.16,6,,30.18,0,30.18,,,,,,,,,,718,1648,,,,,,,,,,,,,,,,,,,,,,,,,,,,,,,,,,,,,,,,,,,-9999,-9999,,-9999,-9999,,,,,,
WBAN:94789,JFK INTERNATIONAL AIRPORT NY US,3.4,40.6386,-73.7622,11-01-2010 04:00,FM-12,CLR:00,9.94,,22,-5.6,18,-7.6,8,-13.3,55,10,290,,30.15,6,0.03,30.18,,,,,,,,,,,,718,1648,,,,,,,,,,,,,,,,,,,,,,,,,,,,,,,,,,,,,,,,,,,-9999,-9999,,-9999,-9999,,,,,,
WBAN:94789,JFK INTERNATIONAL AIRPORT NY US,3.4,40.6386,-73.7622,11-01-2010 04:51,FM-15,,10,,23,-5,19,-7.1,9,-12.8,55,13,300,,30.15,,,30.17,0,30.17,,,,,,,,,,718,1648,,,,,,,,,,,,,,,,,,,,,,,,,,,,,,,,,,,,,,,,,,,-9999,-9999,,-9999,-9999,,,,,,
WBAN:94789,JFK INTERNATIONAL AIRPORT NY US,3.4,40.6386,-73.7622,11-01-2010 05:51,FM-15,,10,,21,-6.1,18,-7.9,9,-12.8,59,8,300,,30.16,,,30.18,0,30.18,,,,,,,,,,718,1648,,,,,,,,,,,,,,,,,,,,,,,,,,,,,,,,,,,,,,,,,,,-9999,-9999,,-9999,-9999,,,,,,
WBAN:94789,JFK INTERNATIONAL AIRPORT NY US,3.4,40.6386,-73.7622,11-01-2010 06:51,FM-15,,10,,21,-6.1,18,-7.9,9,-12.8,59,9,290,,30.16,6,,30.18,0,30.18,,,,,,,,,,718,1648,,,,,,,,,,,,,,,,,,,,,,,,,,,,,,,,,,,,,,,,,,,-9999,-9999,,-9999,-9999,,,,,,
WBAN:94789,JFK INTERNATIONAL AIRPORT NY US,3.4,40.6386,-73.7622,11-01-2010 07:00,FM-12,CLR:00,9.94,,21,-6.1,18,-7.9,9,-12.8,59,9,290,,30.15,6,0,30.18,,,30,,,,,,,,,718,1648,,,,,,,,,,,,,,,,,,,,,,,,,,,,,,,,,,,,,,,,,,,-9999,-9999,,-9999,-9999,,,,,,
WBAN:94789,JFK INTERNATIONAL AIRPORT NY US,3.4,40.6386,-73.7622,11-01-2010 07:51,FM-15,FEW:02 250,10,,23,-5,19,-7.1,9,-12.8,55,13,310,,30.16,,,30.18,0,30.18,,,,,,,,,,718,1648,,,,,,,,,,,,,,,,,,,,,,,,,,,,,,,,,,,,,,,,,,,-9999,-9999,,-9999,-9999,,,,,,
WBAN:94789,JFK INTERNATIONAL AIRPORT NY US,3.4,40.6386,-73.7622,11-01-2010 08:51,FM-15,FEW:02 160 SCT:04 250,10,,26,-3.3,21,-5.9,9,-12.8,48,9,320,,30.16,,,30.19,0,30.18,,,,,,,,,,718,1648,,,,,,,,,,,,,,,,,,,,,,,,,,,,,,,,,,,,,,,,,,,-9999,-9999,,-9999,-9999,,,,,,
WBAN:94789,JFK INTERNATIONAL AIRPORT NY US,3.4,40.6386,-73.7622,11-01-2010 09:51,FM-15,FEW:02 160 SCT:04 250,10,,28,-2.2,22,-5.3,8,-13.3,43,11,310,,30.16,1,,30.19,0,30.18,,,,,,,,,,718,1648,,,,,,,,,,,,,,,,,,,,,,,,,,,,,,,,,,,,,,,,,,,-9999,-9999,,-9999,-9999,,,,,,
WBAN:94789,JFK INTERNATIONAL AIRPORT NY US,3.4,40.6386,-73.7622,11-01-2010 10:00,FM-12,,9.94,,28,-2.2,22,-5.3,8,-13.3,43,11,310,,30.15,1,-0.01,30.19,,,,,,,,,,,,718,1648,,,,,,,,,,,,,,,,,,,,,,,,,,,,,,,,,,,,,,,,,,,-9999,-9999,,-9999,-9999,,,,,,
WBAN:94789,JFK INTERNATIONAL AIRPORT NY US,3.4,40.6386,-73.7622,11-01-2010 10:51,FM-15,FEW:02 110 SCT:04 160 SCT:04 250,10,,29,-1.7,23,-5.1,7,-13.9,39,6,290,,30.15,,,30.17,0,30.17,,,,,,,,,,718,1648,,,,,,,,,,,,,,,,,,,,,,,,,,,,,,,,,,,,,,,,,,,-9999,-9999,,-9999,-9999,,,,,,
WBAN:94789,JFK INTERNATIONAL AIRPORT NY US,3.4,40.6386,-73.7622,11-01-2010 11:51,FM-15,SCT:04 140 BKN:07 250,10,,31,-0.6,24,-4.2,8,-13.3,38,10,290,,30.13,,,30.14,0,30.15,,,,,,,,,,718,1648,,,,,,,,,,,,,,,,,,,,,,,,,,,,,,,,,,,,,,,,,,,-9999,-9999,,-9999,-9999,,,,,,
WBAN:94789,JFK INTERNATIONAL AIRPORT NY US,3.4,40.6386,-73.7622,11-01-2010 12:51,FM-15,FEW:02 140 BKN:07 250,10,,30,-1.1,24,-4.5,9,-12.8,41,9,250,,30.09,8,,30.11,0,30.11,,,,,,,,,,718,1648,,,,,,,,,,,,,,,,,,,,,,,,,,,,,,,,,,,,,,,,,,,-9999,-9999,,-9999,-9999,,,,,,
WBAN:94789,JFK INTERNATIONAL AIRPORT NY US,3.4,40.6386,-73.7622,11-01-2010 13:00,FM-12,,9.94,,30,-1.1,24,-4.5,9,-12.8,41,9,250,,30.08,8,0.07,30.11,,,,21,,,,,,,,718,1648,,,,,,,,,,,,,,,,,,,,,,,,,,,,,,,,,,,,,,,,,,,-9999,-9999,,-9999,-9999,,,,,,
WBAN:94789,JFK INTERNATIONAL AIRPORT NY US,3.4,40.6386,-73.7622,11-01-2010 13:51,FM-15,FEW:02 140 BKN:07 250,10,,32,0,25,-3.8,9,-12.8,38,11,250,,30.08,,,30.1,0,30.1,,,,,,,,,,718,1648,,,,,,,,,,,,,,,,,,,,,,,,,,,,,,,,,,,,,,,,,,,-9999,-9999,,-9999,-9999,,,,,,
WBAN:94789,JFK INTERNATIONAL AIRPORT NY US,3.4,40.6386,-73.7622,11-01-2010 14:51,FM-15,FEW:02 140 BKN:07 250,10,,31,-0.6,25,-4.1,9,-12.8,40,13,260,,30.07,,,30.09,0,30.09,,,,,,,,,,718,1648,,,,,,,,,,,,,,,,,,,,,,,,,,,,,,,,,,,,,,,,,,,-9999,-9999,,-9999,-9999,,,,,,
WBAN:94789,JFK INTERNATIONAL AIRPORT NY US,3.4,40.6386,-73.7622,11-01-2010 15:51,FM-15,FEW:02 140 BKN:07 250,10,,31,-0.6,25,-4.1,9,-12.8,40,10,270,,30.07,6,,30.09,0,30.09,,,,,,,,,,718,1648,,,,,,,,,,,,,,,,,,,,,,,,,,,,,,,,,,,,,,,,,,,-9999,-9999,,-9999,-9999,,,,,,
WBAN:94789,JFK INTERNATIONAL AIRPORT NY US,3.4,40.6386,-73.7622,11-01-2010 16:00,FM-12,,9.94,,31,-0.6,25,-4.1,9,-12.8,40,10,270,,30.06,6,0.02,30.09,,,,,,,,,,,,718,1648,,,,,,,,,,,,,,,,,,,,,,,,,,,,,,,,,,,,,,,,,,,-9999,-9999,,-9999,-9999,,,,,,
WBAN:94789,JFK INTERNATIONAL AIRPORT NY US,3.4,40.6386,-73.7622,11-01-2010 16:51,FM-15,SCT:04 140 BKN:07 250,10,,31,-0.6,25,-4.1,9,-12.8,40,14,270,,30.07,,,30.09,0,30.09,,,,,,,,,,718,1648,,,,,,,,,,,,,,,,,,,,,,,,,,,,,,,,,,,,,,,,,,,-9999,-9999,,-9999,-9999,,,,,,
WBAN:94789,JFK INTERNATIONAL AIRPORT NY US,3.4,40.6386,-73.7622,11-01-2010 17:51,FM-15,SCT:04 120 BKN:07 250,10,,30,-1.1,24,-4.2,11,-11.7,45,11,270,,30.08,,,30.09,0,30.1,,,,,,,,,,718,1648,,,,,,,,,,,,,,,,,,,,,,,,,,,,,,,,,,,,,,,,,,,-9999,-9999,,-9999,-9999,,,,,,
WBAN:94789,JFK INTERNATIONAL AIRPORT NY US,3.4,40.6386,-73.7622,11-01-2010 18:51,FM-15,SCT:04 120 BKN:07 250,10,,30,-1.1,24,-4.2,11,-11.7,45,7,260,,30.08,1,,30.1,0,30.1,,,,,,,,,,718,1648,,,,,,,,,,,,,,,,,,,,,,,,,,,,,,,,,,,,,,,,,,,-9999,-9999,,-9999,-9999,,,,,,
WBAN:94789,JFK INTERNATIONAL AIRPORT NY US,3.4,40.6386,-73.7622,11-01-2010 19:00,FM-12,,9.94,,30,-1.1,24,-4.2,11,-11.7,45,7,260,,30.07,1,-0.01,30.1,,,,,,,,,,,,718,1649,,,,,,,,,,,,,,,,,,,,,,,,,,,,,,,,,,,,,,,,,,,-9999,-9999,,-9999,-9999,,,,,,
WBAN:94789,JFK INTERNATIONAL AIRPORT NY US,3.4,40.6386,-73.7622,11-01-2010 19:51,FM-15,FEW:02 110 BKN:07 130 BKN:07 250,10,,31,-0.6,25,-3.9,11,-11.7,43,11,270,,30.09,,,30.11,0,30.11,,,,,,,,,,718,1649,,,,,,,,,,,,,,,,,,,,,,,,,,,,,,,,,,,,,,,,,,,-9999,-9999,,-9999,-9999,,,,,,
WBAN:94789,JFK INTERNATIONAL AIRPORT NY US,3.4,40.6386,-73.7622,11-01-2010 20:51,FM-15,SCT:04 75 BKN:07 95 OVC:08 130,10,,31,-0.6,26,-3.5,14,-10,49,11,260,,30.09,,,30.11,0,30.11,,,,,,,,,,718,1649,,,,,,,,,,,,,,,,,,,,,,,,,,,,,,,,,,,,,,,,,,,-9999,-9999,,-9999,-9999,,,,,,
WBAN:94789,JFK INTERNATIONAL AIRPORT NY US,3.4,40.6386,-73.7622,11-01-2010 21:51,FM-15,FEW:02 70 SCT:04 90 OVC:08 130,10,,30,-1.1,25,-3.9,14,-10,51,10,260,,30.09,0,,30.11,0,30.11,,,,,,,,,,718,1649,,,,,,,,,,,,,,,,,,,,,,,,,,,,,,,,,,,,,,,,,,,-9999,-9999,,-9999,-9999,,,,,,
WBAN:94789,JFK INTERNATIONAL AIRPORT NY US,3.4,40.6386,-73.7622,11-01-2010 22:00,FM-12,,9.94,,30,-1.1,25,-3.9,14,-10,51,10,260,,30.08,0,-0.01,30.11,,,,,,,,,,,,718,1649,,,,,,,,,,,,,,,,,,,,,,,,,,,,,,,,,,,,,,,,,,,-9999,-9999,,-9999,-9999,,,,,,
WBAN:94789,JFK INTERNATIONAL AIRPORT NY US,3.4,40.6386,-73.7622,11-01-2010 22:51,FM-15,FEW:02 65 SCT:04 90 BKN:07 130,10,,30,-1.1,25,-3.9,14,-10,51,10,260,,30.09,,,30.11,0,30.11,,,,,,,,,,718,1649,,,,,,,,,,,,,,,,,,,,,,,,,,,,,,,,,,,,,,,,,,,-9999,-9999,,-9999,-9999,,,,,,
WBAN:94789,JFK INTERNATIONAL AIRPORT NY US,3.4,40.6386,-73.7622,11-01-2010 23:51,FM-15,OVC:08 80,10,,31,-0.6,25,-3.8,12,-11.1,45,8,280,,30.08,,,30.09,0,30.1,,,,,,,,,,718,1649,,,,,,,,,,,,,,,,,,,,,,,,,,,,,,,,,,,,,,,,,,,-9999,-9999,,-9999,-9999,,,,,,
WBAN:94789,JFK INTERNATIONAL AIRPORT NY US,3.4,40.6386,-73.7622,11-01-2010 23:59,SOD,,,,,,,,,,,,,,,,,,,,32,21,27,-5.6,47,10,22,38,0,718,1649,,0,0,0,30.12,30.14,10.4,24,330,15,270,,,,,,,,,,,,,,,,,,,,,,,,,,,,,,,,-9999,-9999,,-9999,-9999,,,,,,
WBAN:94789,JFK INTERNATIONAL AIRPORT NY US,3.4,40.6386,-73.7622,12-01-2010 00:51,FM-15,OVC:08 70,10,,32,0,26,-3.5,11,-11.7,41,10,290,,30.06,8,,30.08,0,30.08,,,,,,,,,,718,1649,,,,,,,,,,,,,,,,,,,,,,,,,,,,,,,,,,,,,,,,,,,-9999,-9999,,-9999,-9999,,,,,,
WBAN:94789,JFK INTERNATIONAL AIRPORT NY US,3.4,40.6386,-73.7622,12-01-2010 01:00,FM-12,,9.94,,32,0,26,-3.5,11,-11.7,41,10,290,,30.05,8,0.03,30.08,,,32,21,27,-5.5,,,,38,0,718,1649,,,,,,,,,,,,,,,,,,,,,,,,,,,,,,,,,,,,,,,,,,,-9999,-9999,,-9999,-9999,,,,,,
WBAN:94789,JFK INTERNATIONAL AIRPORT NY US,3.4,40.6386,-73.7622,12-01-2010 01:51,FM-15,OVC:08 70,10,,31,-0.6,25,-4.1,9,-12.8,40,10,320,,30.06,,,30.08,0,30.08,,,,,,,,,,718,1649,,,,,,,,,,,,,,,,,,,,,,,,,,,,,,,,,,,,,,,,,,,-9999,-9999,,-9999,-9999,,,,,,
WBAN:94789,JFK INTERNATIONAL AIRPORT NY US,3.4,40.6386,-73.7622,12-01-2010 02:51,FM-15,OVC:08 70,10,,30,-1.1,24,-4.4,10,-12.2,43,8,320,,30.06,,,30.08,0,30.08,,,,,,,,,,718,1649,,,,,,,,,,,,,,,,,,,,,,,,,,,,,,,,,,,,,,,,,,,-9999,-9999,,-9999,-9999,,,,,,
WBAN:94789,JFK INTERNATIONAL AIRPORT NY US,3.4,40.6386,-73.7622,12-01-2010 03:51,FM-15,BKN:07 70 OVC:08 130,10,,30,-1.1,24,-4.2,11,-11.7,45,9,320,,30.04,8,,30.06,0,30.06,,,,,,,,,,718,1649,,,,,,,,,,,,,,,,,,,,,,,,,,,,,,,,,,,,,,,,,,,-9999,-9999,,-9999,-9999,,,,,,
WBAN:94789,JFK INTERNATIONAL AIRPORT NY US,3.4,40.6386,-73.7622,12-01-2010 04:00,FM-12,,9.94,,30,-1.1,24,-4.2,11,-11.7,45,9,320,,30.03,8,0.01,30.06,,,,,,,,,,,,718,1649,,,,,,,,,,,,,,,,,,,,,,,,,,,,,,,,,,,,,,,,,,,-9999,-9999,,-9999,-9999,,,,,,
WBAN:94789,JFK INTERNATIONAL AIRPORT NY US,3.4,40.6386,-73.7622,12-01-2010 04:51,FM-15,BKN:07 70 OVC:08 130,10,,30,-1.1,25,-4,13,-10.6,49,10,320,,30.04,,,30.06,0,30.06,,,,,,,,,,718,1649,,,,,,,,,,,,,,,,,,,,,,,,,,,,,,,,,,,,,,,,,,,-9999,-9999,,-9999,-9999,,,,,,
WBAN:94789,JFK INTERNATIONAL AIRPORT NY US,3.4,40.6386,-73.7622,12-01-2010 05:51,FM-15,OVC:08 70,10,,29,-1.7,24,-4.2,14,-10,54,10,340,,30.05,,,30.07,0,30.07,,,,,,,,,,718,1649,,,,,,,,,,,,,,,,,,,,,,,,,,,,,,,,,,,,,,,,,,,-9999,-9999,,-9999,-9999,,,,,,
WBAN:94789,JFK INTERNATIONAL AIRPORT NY US,3.4,40.6386,-73.7622,12-01-2010 06:51,FM-15,OVC:08 70,10,,29,-1.7,25,-3.9,16,-8.9,58,11,340,,30.06,3,,30.08,0,30.08,,,,,,,,,,718,1649,,,,,,,,,,,,,,,,,,,,,,,,,,,,,,,,,,,,,,,,,,,-9999,-9999,,-9999,-9999,,,,,,
WBAN:94789,JFK INTERNATIONAL AIRPORT NY US,3.4,40.6386,-73.7622,12-01-2010 07:00,FM-12,,9.94,,29,-1.7,25,-3.9,16,-8.9,58,11,340,,30.05,3,-0.01,30.08,,,32,,,,,,,,,718,1649,,,,,,,,,,,,,,,,,,,,,,,,,,,,,,,,,,,,,,,,,,,-9999,-9999,,-9999,-9999,,,,,,
WBAN:94789,JFK INTERNATIONAL AIRPORT NY US,3.4,40.6386,-73.7622,12-01-2010 07:51,FM-15,FEW:02 50 BKN:07 70 BKN:07 140,10,,29,-1.7,25,-3.9,16,-8.9,58,11,310,,30.07,,,30.09,0,30.09,,,,,,,,,,718,1649,,,,,,,,,,,,,,,,,,,,,,,,,,,,,,,,,,,,,,,,,,,-9999,-9999,,-9999,-9999,,,,,,
WBAN:94789,JFK INTERNATIONAL AIRPORT NY US,3.4,40.6386,-73.7622,12-01-2010 08:51,FM-15,BKN:07 70 BKN:07 140,10,,30,-1.1,26,-3.6,16,-8.9,56,13,330,,30.06,,,30.08,0,30.08,,,,,,,,,,718,1649,,,,,,,,,,,,,,,,,,,,,,,,,,,,,,,,,,,,,,,,,,,-9999,-9999,,-9999,-9999,,,,,,
WBAN:94789,JFK INTERNATIONAL AIRPORT NY US,3.4,40.6386,-73.7622,12-01-2010 09:51,FM-15,SCT:04 75 SCT:04 140 SCT:04 250,10,,32,0,27,-2.9,16,-8.9,52,13,320,,30.06,1,,30.08,0,30.08,,,,,,,,,,718,1649,,,,,,,,,,,,,,,,,,,,,,,,,,,,,,,,,,,,,,,,,,,-9999,-9999,,-9999,-9999,,,,,,
WBAN:94789,JFK INTERNATIONAL AIRPORT NY US,3.4,40.6386,-73.7622,12-01-2010 10:00,FM-12,,9.94,,32,0,27,-2.9,16,-8.9,52,13,320,,30.05,1,0,30.08,,,,,,,,,,,,718,1649,,,,,,,,,,,,,,,,,,,,,,,,,,,,,,,,,,,,,,,,,,,-9999,-9999,,-9999,-9999,,,,,,
WBAN:94789,JFK INTERNATIONAL AIRPORT NY US,3.4,40.6386,-73.7622,12-01-2010 10:51,FM-15,FEW:02 48 SCT:04 75 SCT:04 140,10,,33,0.6,27,-2.5,16,-8.9,49,11,300,,30.06,,,30.08,0,30.08,,,,,,,,,,718,1649,,,,,,,,,,,,,,,,,,,,,,,,,,,,,,,,,,,,,,,,,,,-9999,-9999,,-9999,-9999,,,,,,
WBAN:94789,JFK INTERNATIONAL AIRPORT NY US,3.4,40.6386,-73.7622,12-01-2010 11:51,FM-15,FEW:02 50 SCT:04 80,10,,35,1.7,29,-1.8,16,-8.9,46,11,310,,30.03,,,30.05,0,30.05,,,,,,,,,,718,1649,,,,,,,,,,,,,,,,,,,,,,,,,,,,,,,,,,,,,,,,,,,-9999,-9999,,-9999,-9999,,,,,,
WBAN:94789,JFK INTERNATIONAL AIRPORT NY US,3.4,40.6386,-73.7622,12-01-2010 12:51,FM-15,FEW:02 50 SCT:04 85,10,,36,2.2,29,-1.6,15,-9.4,42,16,330,,29.99,8,,30.01,0,30.01,,,,,,,,,,718,1649,,,,,,,,,,,,,,,,,,,,,,,,,,,,,,,,,,,,,,,,,,,-9999,-9999,,-9999,-9999,,,,,,
WBAN:94789,JFK INTERNATIONAL AIRPORT NY US,3.4,40.6386,-73.7622,12-01-2010 13:00,FM-12,,9.94,,36,2.2,29,-1.6,15,-9.4,42,16,330,,29.98,8,0.06,30.01,,,,29,,,,,,,,718,1649,,,,,,,,,,,,,,,,,,,,,,,,,,,,,,,,,,,,,,,,,,,-9999,-9999,,-9999,-9999,,,,,,
WBAN:94789,JFK INTERNATIONAL AIRPORT NY US,3.4,40.6386,-73.7622,12-01-2010 13:51,FM-15,FEW:02 50,10,,36,2.2,29,-1.5,16,-8.9,44,14,290,20,29.97,,,29.99,0,29.99,,,,,,,,,,718,1649,,,,,,,,,,,,,,,,,,,,,,,,,,,,,,,,,,,,,,,,,,,-9999,-9999,,-9999,-9999,,,,,,
WBAN:94789,JFK INTERNATIONAL AIRPORT NY US,3.4,40.6386,-73.7622,12-01-2010 14:51,FM-15,FEW:02 50,10,,36,2.2,29,-1.5,16,-8.9,44,15,290,23,29.97,,,29.99,0,29.99,,,,,,,,,,718,1649,,,,,,,,,,,,,,,,,,,,,,,,,,,,,,,,,,,,,,,,,,,-9999,-9999,,-9999,-9999,,,,,,
WBAN:94789,JFK INTERNATIONAL AIRPORT NY US,3.4,40.6386,-73.7622,12-01-2010 15:28,FM-16,FEW:02 5 SCT:04 50,10,,36,2,29,-1.5,16,-9,44,14,310,,29.97,,,,,29.99,,,,,,,,,,718,1649,,,,,,,,,,,,,,,,,,,,,,,,,,,,,,,,,,,,,,,,,,,-9999,-9999,,-9999,-9999,,,,,,
WBAN:94789,JFK INTERNATIONAL AIRPORT NY US,3.4,40.6386,-73.7622,12-01-2010 15:51,FM-15,FEW:02 5 SCT:04 50,10,,35,1.7,29,-1.8,16,-8.9,46,17,310,23,29.97,5,,29.99,0,29.99,,,,,,,,,,718,1649,,,,,,,,,,,,,,,,,,,,,,,,,,,,,,,,,,,,,,,,,,,-9999,-9999,,-9999,-9999,,,,,,
WBAN:94789,JFK INTERNATIONAL AIRPORT NY US,3.4,40.6386,-73.7622,12-01-2010 16:00,FM-12,,9.94,,35,1.7,29,-1.8,16,-8.9,46,17,310,,29.96,5,0.02,29.99,,,,,,,,,,,,718,1649,,,,,,,,,,,,,,,,,,,,,,,,,,,,,,,,,,,,,,,,,,,-9999,-9999,,-9999,-9999,,,,,,
WBAN:94789,JFK INTERNATIONAL AIRPORT NY US,3.4,40.6386,-73.7622,12-01-2010 16:51,FM-15,FEW:02 50,10,,33,0.6,27,-2.7,15,-9.4,47,21,320,28,29.99,,,30.01,0,30.01,,,,,,,,,,718,1649,,,,,,,,,,,,,,,,,,,,,,,,,,,,,,,,,,,,,,,,,,,-9999,-9999,,-9999,-9999,,,,,,
WBAN:94789,JFK INTERNATIONAL AIRPORT NY US,3.4,40.6386,-73.7622,12-01-2010 17:51,FM-15,FEW:02 50,10,,30,-1.1,25,-3.9,14,-10,51,21,310,34,30.02,,,30.04,0,30.04,,,,,,,,,,718,1649,,,,,,,,,,,,,,,,,,,,,,,,,,,,,,,,,,,,,,,,,,,-9999,-9999,,-9999,-9999,,,,,,
WBAN:94789,JFK INTERNATIONAL AIRPORT NY US,3.4,40.6386,-73.7622,12-01-2010 18:51,FM-15,FEW:02 50,10,,29,-1.7,24,-4.5,12,-11.1,49,21,310,29,30.04,3,,30.06,0,30.06,,,,,,,,,,718,1649,,,,,,,,,,,,,,,,,,,,,,,,,,,,,,,,,,,,,,,,,,,-9999,-9999,,-9999,-9999,,,,,,
WBAN:94789,JFK INTERNATIONAL AIRPORT NY US,3.4,40.6386,-73.7622,12-01-2010 19:00,FM-12,,9.94,,29,-1.7,24,-4.5,12,-11.1,49,21,310,,30.03,3,-0.07,30.06,,,,,,,,,,,,718,1650,,,,,,,,,,,,,,,,,,,,,,,,,,,,,,,,,,,,,,,,,,,-9999,-9999,,-9999,-9999,,,,,,
WBAN:94789,JFK INTERNATIONAL AIRPORT NY US,3.4,40.6386,-73.7622,12-01-2010 19:51,FM-15,SCT:04 250,10,,28,-2.2,23,-5,11,-11.7,49,20,330,28,30.06,,,30.08,0,30.08,,,,,,,,,,718,1650,,,,,,,,,,,,,,,,,,,,,,,,,,,,,,,,,,,,,,,,,,,-9999,-9999,,-9999,-9999,,,,,,
WBAN:94789,JFK INTERNATIONAL AIRPORT NY US,3.4,40.6386,-73.7622,12-01-2010 20:51,FM-15,SCT:04 250,10,,26,-3.3,21,-6,9,-12.8,48,16,320,,30.07,,,30.09,0,30.09,,,,,,,,,,718,1650,,,,,,,,,,,,,,,,,,,,,,,,,,,,,,,,,,,,,,,,,,,-9999,-9999,,-9999,-9999,,,,,,
WBAN:94789,JFK INTERNATIONAL AIRPORT NY US,3.4,40.6386,-73.7622,12-01-2010 21:51,FM-15,FEW:02 150 SCT:04 250,10,,26,-3.3,21,-6.1,8,-13.3,46,18,320,,30.1,3,,30.12,0,30.12,,,,,,,,,,718,1650,,,,,,,,,,,,,,,,,,,,,,,,,,,,,,,,,,,,,,,,,,,-9999,-9999,,-9999,-9999,,,,,,
WBAN:94789,JFK INTERNATIONAL AIRPORT NY US,3.4,40.6386,-73.7622,12-01-2010 22:00,FM-12,,9.94,,26,-3.3,21,-6.1,8,-13.3,46,18,320,,30.09,3,-0.05,30.12,,,,,,,,,,,,718,1650,,,,,,,,,,,,,,,,,,,,,,,,,,,,,,,,,,,,,,,,,,,-9999,-9999,,-9999,-9999,,,,,,
WBAN:94789,JFK INTERNATIONAL AIRPORT NY US,3.4,40.6386,-73.7622,12-01-2010 22:51,FM-15,SCT:04 250,10,,25,-3.9,20,-6.6,7,-13.9,46,16,310,,30.12,,,30.14,0,30.14,,,,,,,,,,718,1650,,,,,,,,,,,,,,,,,,,,,,,,,,,,,,,,,,,,,,,,,,,-9999,-9999,,-9999,-9999,,,,,,
WBAN:94789,JFK INTERNATIONAL AIRPORT NY US,3.4,40.6386,-73.7622,12-01-2010 23:51,FM-15,SCT:04 220,10,,25,-3.9,20,-6.7,6,-14.4,44,21,330,26,30.13,,,30.15,0,30.15,,,,,,,,,,718,1650,,,,,,,,,,,,,,,,,,,,,,,,,,,,,,,,,,,,,,,,,,,-9999,-9999,,-9999,-9999,,,,,,
WBAN:94789,JFK INTERNATIONAL AIRPORT NY US,3.4,40.6386,-73.7622,12-01-2010 23:59,SOD,,,,,,,,,,,,,,,,,,,,37,24,31,-1.5,48,13,25,34,0,718,1650,,0,0,0,30.03,30.06,14.4,37,320,30,320,,,,,,,,,,,,,,,,,,,,,,,,,,,,,,,,-9999,-9999,,-9999,-9999,,,,,,
WBAN:94789,JFK INTERNATIONAL AIRPORT NY US,3.4,40.6386,-73.7622,13-01-2010 00:51,FM-15,BKN:07 130 BKN:07 250,10,,24,-4.4,19,-7.1,5,-15,44,16,320,26,30.13,1,,30.15,0,30.15,,,,,,,,,,718,1650,,,,,,,,,,,,,,,,,,,,,,,,,,,,,,,,,,,,,,,,,,,-9999,-9999,,-9999,-9999,,,,,,
WBAN:94789,JFK INTERNATIONAL AIRPORT NY US,3.4,40.6386,-73.7622,13-01-2010 01:00,FM-12,,9.94,,24,-4.4,19,-7.1,5,-15,44,16,320,,30.12,1,-0.03,30.15,,,32,24,28,-4.5,,,,37,0,718,1650,,,,,,,,,,,,,,,,,,,,,,,,,,,,,,,,,,,,,,,,,,,-9999,-9999,,-9999,-9999,,,,,,
WBAN:94789,JFK INTERNATIONAL AIRPORT NY US,3.4,40.6386,-73.7622,13-01-2010 01:51,FM-15,OVC:08 110,10,,24,-4.4,19,-7,6,-14.4,46,21,320,,30.14,,,30.16,0,30.16,,,,,,,,,,718,1650,,,,,,,,,,,,,,,,,,,,,,,,,,,,,,,,,,,,,,,,,,,-9999,-9999,,-9999,-9999,,,,,,
WBAN:94789,JFK INTERNATIONAL AIRPORT NY US,3.4,40.6386,-73.7622,13-01-2010 02:51,FM-15,OVC:08 110,10,,24,-4.4,20,-6.9,7,-13.9,48,18,310,28,30.15,,,30.17,0,30.17,,,,,,,,,,718,1650,,,,,,,,,,,,,,,,,,,,,,,,,,,,,,,,,,,,,,,,,,,-9999,-9999,,-9999,-9999,,,,,,
WBAN:94789,JFK INTERNATIONAL AIRPORT NY US,3.4,40.6386,-73.7622,13-01-2010 03:51,FM-15,BKN:07 130,10,,25,-3.9,20,-6.4,8,-13.3,48,20,310,,30.14,0,,30.17,0,30.16,,,,,,,,,,718,1650,,,,,,,,,,,,,,,,,,,,,,,,,,,,,,,,,,,,,,,,,,,-9999,-9999,,-9999,-9999,,,,,,
WBAN:94789,JFK INTERNATIONAL AIRPORT NY US,3.4,40.6386,-73.7622,13-01-2010 04:00,FM-12,,9.94,,25,-3.9,20,-6.4,8,-13.3,48,19,310,,30.13,0,-0.02,30.17,,,,,,,,,,,,718,1650,,,,,,,,,,,,,,,,,,,,,,,,,,,,,,,,,,,,,,,,,,,-9999,-9999,,-9999,-9999,,,,,,
WBAN:94789,JFK INTERNATIONAL AIRPORT NY US,3.4,40.6386,-73.7622,13-01-2010 04:51,FM-15,SCT:04 130 BKN:07 250,10,,24,-4.4,20,-6.7,9,-12.8,52,21,310,,30.15,,,30.17,0,30.17,,,,,,,,,,718,1650,,,,,,,,,,,,,,,,,,,,,,,,,,,,,,,,,,,,,,,,,,,-9999,-9999,,-9999,-9999,,,,,,
WBAN:94789,JFK INTERNATIONAL AIRPORT NY US,3.4,40.6386,-73.7622,13-01-2010 05:51,FM-15,OVC:08 130,10,,25,-3.9,21,-6.3,9,-12.8,50,17,320,25,30.17,,,30.19,0,30.19,,,,,,,,,,718,1650,,,,,,,,,,,,,,,,,,,,,,,,,,,,,,,,,,,,,,,,,,,-9999,-9999,,-9999,-9999,,,,,,
WBAN:94789,JFK INTERNATIONAL AIRPORT NY US,3.4,40.6386,-73.7622,13-01-2010 06:51,FM-15,BKN:07 130 BKN:07 250,10,,25,-3.9,21,-6.3,9,-12.8,50,13,320,,30.18,3,,30.2,0,30.2,,,,,,,,,,718,1650,,,,,,,,,,,,,,,,,,,,,,,,,,,,,,,,,,,,,,,,,,,-9999,-9999,,-9999,-9999,,,,,,
WBAN:94789,JFK INTERNATIONAL AIRPORT NY US,3.4,40.6386,-73.7622,13-01-2010 07:00,FM-12,,9.94,,25,-3.9,21,-6.3,9,-12.8,50,13,320,,30.17,3,-0.04,30.2,,,37,,,,,,,,,718,1650,,,,,,,,,,,,,,,,,,,,,,,,,,,,,,,,,,,,,,,,,,,-9999,-9999,,-9999,-9999,,,,,,
WBAN:94789,JFK INTERNATIONAL AIRPORT NY US,3.4,40.6386,-73.7622,13-01-2010 07:51,FM-15,BKN:07 110 BKN:07 250,10,,25,-3.9,21,-6.3,9,-12.8,50,18,320,,30.2,,,30.22,0,30.22,,,,,,,,,,718,1650,,,,,,,,,,,,,,,,,,,,,,,,,,,,,,,,,,,,,,,,,,,-9999,-9999,,-9999,-9999,,,,,,
WBAN:94789,JFK INTERNATIONAL AIRPORT NY US,3.4,40.6386,-73.7622,13-01-2010 08:51,FM-15,BKN:07 110 BKN:07 250,10,,27,-2.8,22,-5.5,10,-12.2,49,20,320,24,30.21,,,30.23,0,30.23,,,,,,,,,,718,1650,,,,,,,,,,,,,,,,,,,,,,,,,,,,,,,,,,,,,,,,,,,-9999,-9999,,-9999,-9999,,,,,,
WBAN:94789,JFK INTERNATIONAL AIRPORT NY US,3.4,40.6386,-73.7622,13-01-2010 09:51,FM-15,FEW:02 85 BKN:07 110 BKN:07 250,10,,28,-2.2,23,-5,11,-11.7,49,14,330,22,30.21,0,,30.23,0,30.23,,,,,,,,,,718,1650,,,,,,,,,,,,,,,,,,,,,,,,,,,,,,,,,,,,,,,,,,,-9999,-9999,,-9999,-9999,,,,,,
WBAN:94789,JFK INTERNATIONAL AIRPORT NY US,3.4,40.6386,-73.7622,13-01-2010 10:00,FM-12,,9.94,,28,-2.2,23,-5,11,-11.7,49,14,330,,30.2,0,-0.03,30.23,,,,,,,,,,,,718,1650,,,,,,,,,,,,,,,,,,,,,,,,,,,,,,,,,,,,,,,,,,,-9999,-9999,,-9999,-9999,,,,,,
WBAN:94789,JFK INTERNATIONAL AIRPORT NY US,3.4,40.6386,-73.7622,13-01-2010 10:51,FM-15,FEW:02 80 BKN:07 130,10,,31,-0.6,25,-3.9,11,-11.7,43,18,330,23,30.21,,,30.23,0,30.23,,,,,,,,,,718,1650,,,,,,,,,,,,,,,,,,,,,,,,,,,,,,,,,,,,,,,,,,,-9999,-9999,,-9999,-9999,,,,,,
WBAN:94789,JFK INTERNATIONAL AIRPORT NY US,3.4,40.6386,-73.7622,13-01-2010 11:51,FM-15,FEW:02 80 BKN:07 130 BKN:07 250,10,,31,-0.6,25,-3.7,12,-11.1,45,8,320,,30.18,,,30.2,0,30.2,,,,,,,,,,718,1650,,,,,,,,,,,,,,,,,,,,,,,,,,,,,,,,,,,,,,,,,,,-9999,-9999,,-9999,-9999,,,,,,
WBAN:94789,JFK INTERNATIONAL AIRPORT NY US,3.4,40.6386,-73.7622,13-01-2010 12:51,FM-15,FEW:02 85 BKN:07 130,10,,33,0.6,27,-3,12,-11.1,42,10,300,,30.15,8,,30.17,0,30.17,,,,,,,,,,718,1650,,,,,,,,,,,,,,,,,,,,,,,,,,,,,,,,,,,,,,,,,,,-9999,-9999,,-9999,-9999,,,,,,
WBAN:94789,JFK INTERNATIONAL AIRPORT NY US,3.4,40.6386,-73.7622,13-01-2010 13:00,FM-12,,9.94,,33,0.6,27,-3,12,-11.1,42,10,300,,30.14,8,0.06,30.17,,,,25,,,,,,,,718,1650,,,,,,,,,,,,,,,,,,,,,,,,,,,,,,,,,,,,,,,,,,,-9999,-9999,,-9999,-9999,,,,,,
WBAN:94789,JFK INTERNATIONAL AIRPORT NY US,3.4,40.6386,-73.7622,13-01-2010 13:51,FM-15,SCT:04 100 BKN:07 140,10,,33,0.6,27,-2.8,14,-10,45,13,310,,30.14,,,30.17,0,30.16,,,,,,,,,,718,1650,,,,,,,,,,,,,,,,,,,,,,,,,,,,,,,,,,,,,,,,,,,-9999,-9999,,-9999,-9999,,,,,,
WBAN:94789,JFK INTERNATIONAL AIRPORT NY US,3.4,40.6386,-73.7622,13-01-2010 14:51,FM-15,FEW:02 110 BKN:07 140,10,,36,2.2,29,-1.5,16,-8.9,44,8,290,,30.12,,,30.14,0,30.14,,,,,,,,,,718,1650,,,,,,,,,,,,,,,,,,,,,,,,,,,,,,,,,,,,,,,,,,,-9999,-9999,,-9999,-9999,,,,,,
WBAN:94789,JFK INTERNATIONAL AIRPORT NY US,3.4,40.6386,-73.7622,13-01-2010 15:51,FM-15,FEW:02 110 BKN:07 140 BKN:07 250,10,,35,1.7,29,-1.8,16,-8.9,46,9,270,,30.12,6,,30.14,0,30.14,,,,,,,,,,718,1650,,,,,,,,,,,,,,,,,,,,,,,,,,,,,,,,,,,,,,,,,,,-9999,-9999,,-9999,-9999,,,,,,
WBAN:94789,JFK INTERNATIONAL AIRPORT NY US,3.4,40.6386,-73.7622,13-01-2010 16:00,FM-12,,9.94,,35,1.7,29,-1.8,16,-8.9,46,9,270,,30.11,6,0.03,30.14,,,,,,,,,,,,718,1650,,,,,,,,,,,,,,,,,,,,,,,,,,,,,,,,,,,,,,,,,,,-9999,-9999,,-9999,-9999,,,,,,
WBAN:94789,JFK INTERNATIONAL AIRPORT NY US,3.4,40.6386,-73.7622,13-01-2010 16:51,FM-15,FEW:02 110 BKN:07 140 BKN:07 250,10,,33,0.6,27,-2.5,16,-8.9,49,6,260,,30.13,,,30.14,0,30.15,,,,,,,,,,718,1650,,,,,,,,,,,,,,,,,,,,,,,,,,,,,,,,,,,,,,,,,,,-9999,-9999,,-9999,-9999,,,,,,
WBAN:94789,JFK INTERNATIONAL AIRPORT NY US,3.4,40.6386,-73.7622,13-01-2010 17:51,FM-15,BKN:07 120 BKN:07 140,10,,34,1.1,29,-1.7,19,-7.2,54,8,260,,30.13,,,30.15,0,30.15,,,,,,,,,,718,1650,,,,,,,,,,,,,,,,,,,,,,,,,,,,,,,,,,,,,,,,,,,-9999,-9999,,-9999,-9999,,,,,,
WBAN:94789,JFK INTERNATIONAL AIRPORT NY US,3.4,40.6386,-73.7622,13-01-2010 18:51,FM-15,FEW:02 110 BKN:07 140,10,,34,1.1,29,-1.7,19,-7.2,54,13,250,,30.15,3,,30.17,0,30.17,,,,,,,,,,718,1650,,,,,,,,,,,,,,,,,,,,,,,,,,,,,,,,,,,,,,,,,,,-9999,-9999,,-9999,-9999,,,,,,
WBAN:94789,JFK INTERNATIONAL AIRPORT NY US,3.4,40.6386,-73.7622,13-01-2010 19:00,FM-12,,9.94,,34,1.1,29,-1.7,19,-7.2,54,13,250,,30.14,3,-0.02,30.17,,,,,,,,,,,,717,1651,,,,,,,,,,,,,,,,,,,,,,,,,,,,,,,,,,,,,,,,,,,-9999,-9999,,-9999,-9999,,,,,,
WBAN:94789,JFK INTERNATIONAL AIRPORT NY US,3.4,40.6386,-73.7622,13-01-2010 19:51,FM-15,BKN:07 140,10,,33,0.6,28,-2.2,18,-7.8,54,10,250,,30.15,,,30.17,0,30.17,,,,,,,,,,717,1651,,,,,,,,,,,,,,,,,,,,,,,,,,,,,,,,,,,,,,,,,,,-9999,-9999,,-9999,-9999,,,,,,
WBAN:94789,JFK INTERNATIONAL AIRPORT NY US,3.4,40.6386,-73.7622,13-01-2010 20:51,FM-15,BKN:07 140,10,,32,0,28,-2.3,20,-6.7,61,9,240,,30.15,,,30.17,0,30.17,,,,,,,,,,717,1651,,,,,,,,,,,,,,,,,,,,,,,,,,,,,,,,,,,,,,,,,,,-9999,-9999,,-9999,-9999,,,,,,
WBAN:94789,JFK INTERNATIONAL AIRPORT NY US,3.4,40.6386,-73.7622,13-01-2010 21:51,FM-15,BKN:07 140,10,,33,0.6,29,-1.9,20,-6.7,58,7,250,,30.16,3,,30.17,0,30.18,,,,,,,,,,717,1651,,,,,,,,,,,,,,,,,,,,,,,,,,,,,,,,,,,,,,,,,,,-9999,-9999,,-9999,-9999,,,,,,
WBAN:94789,JFK INTERNATIONAL AIRPORT NY US,3.4,40.6386,-73.7622,13-01-2010 22:00,FM-12,,9.94,,33,0.6,29,-1.9,20,-6.7,58,7,250,,30.15,3,-0.01,30.17,,,,,,,,,,,,717,1651,,,,,,,,,,,,,,,,,,,,,,,,,,,,,,,,,,,,,,,,,,,-9999,-9999,,-9999,-9999,,,,,,
WBAN:94789,JFK INTERNATIONAL AIRPORT NY US,3.4,40.6386,-73.7622,13-01-2010 22:51,FM-15,BKN:07 130,10,,32,0,28,-2.2,20,-6.7,61,8,260,,30.17,,,30.19,0,30.19,,,,,,,,,,717,1651,,,,,,,,,,,,,,,,,,,,,,,,,,,,,,,,,,,,,,,,,,,-9999,-9999,,-9999,-9999,,,,,,
WBAN:94789,JFK INTERNATIONAL AIRPORT NY US,3.4,40.6386,-73.7622,13-01-2010 23:51,FM-15,SCT:04 110,10,,28,-2.2,25,-3.7,20,-6.7,72,8,270,,30.17,,,30.19,0,30.19,,,,,,,,,,717,1651,,,,,,,,,,,,,,,,,,,,,,,,,,,,,,,,,,,,,,,,,,,-9999,-9999,,-9999,-9999,,,,,,
WBAN:94789,JFK INTERNATIONAL AIRPORT NY US,3.4,40.6386,-73.7622,13-01-2010 23:59,SOD,,,,,,,,,,,,,,,,,,,,36,24,30,-2.5,51,13,25,35,0,717,1651,,0,0,0,30.14,30.17,13,30,320,24,320,,,,,,,,,,,,,,,,,,,,,,,,,,,,,,,,-9999,-9999,,-9999,-9999,,,,,,
WBAN:94789,JFK INTERNATIONAL AIRPORT NY US,3.4,40.6386,-73.7622,14-01-2010 00:51,FM-15,FEW:02 110,10,,29,-1.7,26,-3.3,20,-6.7,69,7,270,,30.17,1,,30.19,0,30.19,,,,,,,,,,717,1651,,,,,,,,,,,,,,,,,,,,,,,,,,,,,,,,,,,,,,,,,,,-9999,-9999,,-9999,-9999,,,,,,
WBAN:94789,JFK INTERNATIONAL AIRPORT NY US,3.4,40.6386,-73.7622,14-01-2010 01:00,FM-12,,9.94,,29,-1.7,26,-3.3,20,-6.7,69,7,270,,30.16,1,-0.02,30.19,,,34,24,29,-3.4,,,,36,0,717,1651,,,,,,,,,,,,,,,,,,,,,,,,,,,,,,,,,,,,,,,,,,,-9999,-9999,,-9999,-9999,,,,,,
WBAN:94789,JFK INTERNATIONAL AIRPORT NY US,3.4,40.6386,-73.7622,14-01-2010 01:51,FM-15,FEW:02 110,10,,28,-2.2,25,-3.7,20,-6.7,72,5,270,,30.18,,,30.2,0,30.2,,,,,,,,,,717,1651,,,,,,,,,,,,,,,,,,,,,,,,,,,,,,,,,,,,,,,,,,,-9999,-9999,,-9999,-9999,,,,,,
WBAN:94789,JFK INTERNATIONAL AIRPORT NY US,3.4,40.6386,-73.7622,14-01-2010 02:51,FM-15,,10,,28,-2.2,25,-3.7,20,-6.7,72,0,0,,30.19,,,30.21,0,30.21,,,,,,,,,,717,1651,,,,,,,,,,,,,,,,,,,,,,,,,,,,,,,,,,,,,,,,,,,-9999,-9999,,-9999,-9999,,,,,,
WBAN:94789,JFK INTERNATIONAL AIRPORT NY US,3.4,40.6386,-73.7622,14-01-2010 03:51,FM-15,,10,,27,-2.8,24,-4.2,19,-7.2,72,5,280,,30.19,1,,30.21,0,30.21,,,,,,,,,,717,1651,,,,,,,,,,,,,,,,,,,,,,,,,,,,,,,,,,,,,,,,,,,-9999,-9999,,-9999,-9999,,,,,,
WBAN:94789,JFK INTERNATIONAL AIRPORT NY US,3.4,40.6386,-73.7622,14-01-2010 04:00,FM-12,CLR:00,9.94,,27,-2.8,24,-4.2,19,-7.2,72,5,280,,30.18,1,-0.02,30.21,,,,,,,,,,,,717,1651,,,,,,,,,,,,,,,,,,,,,,,,,,,,,,,,,,,,,,,,,,,-9999,-9999,,-9999,-9999,,,,,,
WBAN:94789,JFK INTERNATIONAL AIRPORT NY US,3.4,40.6386,-73.7622,14-01-2010 04:51,FM-15,,10,,29,-1.7,26,-3.5,19,-7.2,66,5,320,,30.19,,,30.22,0,30.21,,,,,,,,,,717,1651,,,,,,,,,,,,,,,,,,,,,,,,,,,,,,,,,,,,,,,,,,,-9999,-9999,,-9999,-9999,,,,,,
WBAN:94789,JFK INTERNATIONAL AIRPORT NY US,3.4,40.6386,-73.7622,14-01-2010 05:51,FM-15,,10,,30,-1.1,26,-3.1,19,-7.2,64,5,340,,30.2,,,30.22,0,30.22,,,,,,,,,,717,1651,,,,,,,,,,,,,,,,,,,,,,,,,,,,,,,,,,,,,,,,,,,-9999,-9999,,-9999,-9999,,,,,,
WBAN:94789,JFK INTERNATIONAL AIRPORT NY US,3.4,40.6386,-73.7622,14-01-2010 06:51,FM-15,,10,,30,-1.1,26,-3.3,18,-7.8,61,3,330,,30.21,3,,30.24,0,30.23,,,,,,,,,,717,1651,,,,,,,,,,,,,,,,,,,,,,,,,,,,,,,,,,,,,,,,,,,-9999,-9999,,-9999,-9999,,,,,,
WBAN:94789,JFK INTERNATIONAL AIRPORT NY US,3.4,40.6386,-73.7622,14-01-2010 07:00,FM-12,CLR:00,9.94,,30,-1.1,26,-3.3,18,-7.8,61,3,330,,30.2,3,-0.02,30.24,,,36,,,,,,,,,717,1651,,,,,,,,,,,,,,,,,,,,,,,,,,,,,,,,,,,,,,,,,,,-9999,-9999,,-9999,-9999,,,,,,
WBAN:94789,JFK INTERNATIONAL AIRPORT NY US,3.4,40.6386,-73.7622,14-01-2010 07:51,FM-15,,10,,28,-2.2,25,-3.8,19,-7.2,69,3,60,,30.23,,,30.25,0,30.25,,,,,,,,,,717,1651,,,,,,,,,,,,,,,,,,,,,,,,,,,,,,,,,,,,,,,,,,,-9999,-9999,,-9999,-9999,,,,,,
WBAN:94789,JFK INTERNATIONAL AIRPORT NY US,3.4,40.6386,-73.7622,14-01-2010 08:51,FM-15,,10,,31,-0.6,28,-2.3,22,-5.6,69,3,90,,30.24,,,30.27,0,30.26,,,,,,,,,,717,1651,,,,,,,,,,,,,,,,,,,,,,,,,,,,,,,,,,,,,,,,,,,-9999,-9999,,-9999,-9999,,,,,,
WBAN:94789,JFK INTERNATIONAL AIRPORT NY US,3.4,40.6386,-73.7622,14-01-2010 09:51,FM-15,,10,,35,1.7,30,-1.2,20,-6.7,54,0,0,,30.27,3,,30.29,0,30.29,,,,,,,,,,717,1651,,,,,,,,,,,,,,,,,,,,,,,,,,,,,,,,,,,,,,,,,,,-9999,-9999,,-9999,-9999,,,,,,
WBAN:94789,JFK INTERNATIONAL AIRPORT NY US,3.4,40.6386,-73.7622,14-01-2010 10:00,FM-12,CLR:00,9.94,,35,1.7,30,-1.2,20,-6.7,54,0,0,,30.26,3,-0.05,30.29,,,,,,,,,,,,717,1651,,,,,,,,,,,,,,,,,,,,,,,,,,,,,,,,,,,,,,,,,,,-9999,-9999,,-9999,-9999,,,,,,
WBAN:94789,JFK INTERNATIONAL AIRPORT NY US,3.4,40.6386,-73.7622,14-01-2010 10:51,FM-15,,10,,36,2.2,30,-1.2,18,-7.8,48,0,0,,30.27,,,30.29,0,30.29,,,,,,,,,,717,1651,,,,,,,,,,,,,,,,,,,,,,,,,,,,,,,,,,,,,,,,,,,-9999,-9999,,-9999,-9999,,,,,,
WBAN:94789,JFK INTERNATIONAL AIRPORT NY US,3.4,40.6386,-73.7622,14-01-2010 11:51,FM-15,,10,,37,2.8,31,-0.7,19,-7.2,48,6,240,,30.25,,,30.27,0,30.27,,,,,,,,,,717,1651,,,,,,,,,,,,,,,,,,,,,,,,,,,,,,,,,,,,,,,,,,,-9999,-9999,,-9999,-9999,,,,,,
WBAN:94789,JFK INTERNATIONAL AIRPORT NY US,3.4,40.6386,-73.7622,14-01-2010 12:51,FM-15,,10,,38,3.3,31,-0.3,19,-7.2,46,5,210,,30.22,8,,30.25,0,30.24,,,,,,,,,,717,1651,,,,,,,,,,,,,,,,,,,,,,,,,,,,,,,,,,,,,,,,,,,-9999,-9999,,-9999,-9999,,,,,,
WBAN:94789,JFK INTERNATIONAL AIRPORT NY US,3.4,40.6386,-73.7622,14-01-2010 13:00,FM-12,CLR:00,9.94,,38,3.3,31,-0.3,19,-7.2,46,5,210,,30.21,8,0.04,30.25,,,,28,,,,,,,,717,1651,,,,,,,,,,,,,,,,,,,,,,,,,,,,,,,,,,,,,,,,,,,-9999,-9999,,-9999,-9999,,,,,,
WBAN:94789,JFK INTERNATIONAL AIRPORT NY US,3.4,40.6386,-73.7622,14-01-2010 13:51,FM-15,,10,,38,3.3,31,-0.3,19,-7.2,46,8,210,,30.21,,,30.23,0,30.23,,,,,,,,,,717,1651,,,,,,,,,,,,,,,,,,,,,,,,,,,,,,,,,,,,,,,,,,,-9999,-9999,,-9999,-9999,,,,,,
WBAN:94789,JFK INTERNATIONAL AIRPORT NY US,3.4,40.6386,-73.7622,14-01-2010 14:51,FM-15,,10,,38,3.3,32,-0.2,20,-6.7,48,7,210,,30.21,,,30.23,0,30.23,,,,,,,,,,717,1651,,,,,,,,,,,,,,,,,,,,,,,,,,,,,,,,,,,,,,,,,,,-9999,-9999,,-9999,-9999,,,,,,
WBAN:94789,JFK INTERNATIONAL AIRPORT NY US,3.4,40.6386,-73.7622,14-01-2010 15:51,FM-15,,10,,37,2.8,32,-0.2,22,-5.6,54,5,180,,30.22,5,,30.24,0,30.24,,,,,,,,,,717,1651,,,,,,,,,,,,,,,,,,,,,,,,,,,,,,,,,,,,,,,,,,,-9999,-9999,,-9999,-9999,,,,,,
WBAN:94789,JFK INTERNATIONAL AIRPORT NY US,3.4,40.6386,-73.7622,14-01-2010 16:00,FM-12,CLR:00,9.94,,37,2.8,32,-0.2,22,-5.6,54,5,180,,30.21,5,0.01,30.24,,,,,,,,,,,,717,1651,,,,,,,,,,,,,,,,,,,,,,,,,,,,,,,,,,,,,,,,,,,-9999,-9999,,-9999,-9999,,,,,,
WBAN:94789,JFK INTERNATIONAL AIRPORT NY US,3.4,40.6386,-73.7622,14-01-2010 16:51,FM-15,FEW:02 250,10,,32,0,29,-1.9,22,-5.6,66,6,190,,30.21,,,30.23,0,30.23,,,,,,,,,,717,1651,,,,,,,,,,,,,,,,,,,,,,,,,,,,,,,,,,,,,,,,,,,-9999,-9999,,-9999,-9999,,,,,,
WBAN:94789,JFK INTERNATIONAL AIRPORT NY US,3.4,40.6386,-73.7622,14-01-2010 17:51,FM-15,FEW:02 250,10,,33,0.6,30,-1.2,24,-4.4,70,8,200,,30.22,,,30.24,0,30.24,,,,,,,,,,717,1651,,,,,,,,,,,,,,,,,,,,,,,,,,,,,,,,,,,,,,,,,,,-9999,-9999,,-9999,-9999,,,,,,
WBAN:94789,JFK INTERNATIONAL AIRPORT NY US,3.4,40.6386,-73.7622,14-01-2010 18:51,FM-15,FEW:02 250,10,,33,0.6,30,-1.2,24,-4.4,70,7,190,,30.21,8,,30.23,0,30.23,,,,,,,,,,717,1651,,,,,,,,,,,,,,,,,,,,,,,,,,,,,,,,,,,,,,,,,,,-9999,-9999,,-9999,-9999,,,,,,
WBAN:94789,JFK INTERNATIONAL AIRPORT NY US,3.4,40.6386,-73.7622,14-01-2010 19:00,FM-12,,9.94,,33,0.6,30,-1.2,24,-4.4,70,7,190,,30.2,7,0,30.23,,,,,,,,,,,,717,1652,,,,,,,,,,,,,,,,,,,,,,,,,,,,,,,,,,,,,,,,,,,-9999,-9999,,-9999,-9999,,,,,,
WBAN:94789,JFK INTERNATIONAL AIRPORT NY US,3.4,40.6386,-73.7622,14-01-2010 19:51,FM-15,FEW:02 250,10,,35,1.7,32,0,27,-2.8,72,11,200,,30.22,,,30.24,0,30.24,,,,,,,,,,717,1652,,,,,,,,,,,,,,,,,,,,,,,,,,,,,,,,,,,,,,,,,,,-9999,-9999,,-9999,-9999,,,,,,
WBAN:94789,JFK INTERNATIONAL AIRPORT NY US,3.4,40.6386,-73.7622,14-01-2010 20:51,FM-15,SCT:04 250,10,,34,1.1,32,-0.1,28,-2.2,79,9,220,,30.21,,,30.23,0,30.23,,,,,,,,,,717,1652,,,,,,,,,,,,,,,,,,,,,,,,,,,,,,,,,,,,,,,,,,,-9999,-9999,,-9999,-9999,,,,,,
WBAN:94789,JFK INTERNATIONAL AIRPORT NY US,3.4,40.6386,-73.7622,14-01-2010 21:51,FM-15,SCT:04 250,10,,30,-1.1,28,-2.1,25,-3.9,82,8,230,,30.21,8,,30.23,0,30.23,,,,,,,,,,717,1652,,,,,,,,,,,,,,,,,,,,,,,,,,,,,,,,,,,,,,,,,,,-9999,-9999,,-9999,-9999,,,,,,
WBAN:94789,JFK INTERNATIONAL AIRPORT NY US,3.4,40.6386,-73.7622,14-01-2010 22:00,FM-12,,9.94,,30,-1.1,28,-2.1,25,-3.9,82,8,230,,30.2,8,0.01,30.23,,,,,,,,,,,,717,1652,,,,,,,,,,,,,,,,,,,,,,,,,,,,,,,,,,,,,,,,,,,-9999,-9999,,-9999,-9999,,,,,,
WBAN:94789,JFK INTERNATIONAL AIRPORT NY US,3.4,40.6386,-73.7622,14-01-2010 22:51,FM-15,FEW:02 130 BKN:07 250,10,,31,-0.6,29,-1.7,25,-3.9,79,8,230,,30.2,,,30.22,0,30.22,,,,,,,,,,717,1652,,,,,,,,,,,,,,,,,,,,,,,,,,,,,,,,,,,,,,,,,,,-9999,-9999,,-9999,-9999,,,,,,
WBAN:94789,JFK INTERNATIONAL AIRPORT NY US,3.4,40.6386,-73.7622,14-01-2010 23:51,FM-15,FEW:02 140 SCT:04 250,10,,30,-1.1,28,-2.3,24,-4.4,79,5,230,,30.19,,,30.21,0,30.21,,,,,,,,,,717,1652,,,,,,,,,,,,,,,,,,,,,,,,,,,,,,,,,,,,,,,,,,,-9999,-9999,,-9999,-9999,,,,,,
WBAN:94789,JFK INTERNATIONAL AIRPORT NY US,3.4,40.6386,-73.7622,14-01-2010 23:59,SOD,,,,,,,,,,,,,,,,,,,,39,25,32,-0.4,65,21,29,33,0,717,1652,,0,0,0,30.2,30.23,5.3,16,200,13,200,,,,,,,,,,,,,,,,,,,,,,,,,,,,,,,,-9999,-9999,,-9999,-9999,,,,,,
WBAN:94789,JFK INTERNATIONAL AIRPORT NY US,3.4,40.6386,-73.7622,15-01-2010 00:51,FM-15,SCT:04 250,10,,30,-1.1,28,-2.5,23,-5,75,7,220,,30.18,8,,30.19,0,30.2,,,,,,,,,,717,1652,,,,,,,,,,,,,,,,,,,,,,,,,,,,,,,,,,,,,,,,,,,-9999,-9999,,-9999,-9999,,,,,,
WBAN:94789,JFK INTERNATIONAL AIRPORT NY US,3.4,40.6386,-73.7622,15-01-2010 01:00,FM-12,,9.94,,30,-1.1,28,-2.5,23,-5,75,7,220,,30.17,8,0.03,30.19,,,35,25,30,-2.4,,,,35,0,717,1652,,,,,,,,,,,,,,,,,,,,,,,,,,,,,,,,,,,,,,,,,,,-9999,-9999,,-9999,-9999,,,,,,
WBAN:94789,JFK INTERNATIONAL AIRPORT NY US,3.4,40.6386,-73.7622,15-01-2010 01:51,FM-15,SCT:04 250,10,,28,-2.2,27,-3,24,-4.4,85,8,220,,30.17,,,30.19,0,30.19,,,,,,,,,,717,1652,,,,,,,,,,,,,,,,,,,,,,,,,,,,,,,,,,,,,,,,,,,-9999,-9999,,-9999,-9999,,,,,,
WBAN:94789,JFK INTERNATIONAL AIRPORT NY US,3.4,40.6386,-73.7622,15-01-2010 02:51,FM-15,BKN:07 250,10,,31,-0.6,28,-2.1,23,-5,72,10,220,,30.15,,,30.17,0,30.17,,,,,,,,,,717,1652,,,,,,,,,,,,,,,,,,,,,,,,,,,,,,,,,,,,,,,,,,,-9999,-9999,,-9999,-9999,,,,,,
WBAN:94789,JFK INTERNATIONAL AIRPORT NY US,3.4,40.6386,-73.7622,15-01-2010 03:51,FM-15,BKN:07 250,10,,28,-2.2,26,-3.2,23,-5,81,6,230,,30.13,8,,30.15,0,30.15,,,,,,,,,,717,1652,,,,,,,,,,,,,,,,,,,,,,,,,,,,,,,,,,,,,,,,,,,-9999,-9999,,-9999,-9999,,,,,,
WBAN:94789,JFK INTERNATIONAL AIRPORT NY US,3.4,40.6386,-73.7622,15-01-2010 04:00,FM-12,,9.94,,28,-2.2,26,-3.2,23,-5,81,6,230,,30.12,8,0.05,30.15,,,,,,,,,,,,717,1652,,,,,,,,,,,,,,,,,,,,,,,,,,,,,,,,,,,,,,,,,,,-9999,-9999,,-9999,-9999,,,,,,
WBAN:94789,JFK INTERNATIONAL AIRPORT NY US,3.4,40.6386,-73.7622,15-01-2010 04:51,FM-15,BKN:07 250,10,,28,-2.2,26,-3.2,23,-5,81,8,230,,30.12,,,30.14,0,30.14,,,,,,,,,,717,1652,,,,,,,,,,,,,,,,,,,,,,,,,,,,,,,,,,,,,,,,,,,-9999,-9999,,-9999,-9999,,,,,,
WBAN:94789,JFK INTERNATIONAL AIRPORT NY US,3.4,40.6386,-73.7622,15-01-2010 05:51,FM-15,BKN:07 250,10,,30,-1.1,28,-2.3,24,-4.4,79,11,210,,30.11,,,30.13,0,30.13,,,,,,,,,,717,1652,,,,,,,,,,,,,,,,,,,,,,,,,,,,,,,,,,,,,,,,,,,-9999,-9999,,-9999,-9999,,,,,,
WBAN:94789,JFK INTERNATIONAL AIRPORT NY US,3.4,40.6386,-73.7622,15-01-2010 06:51,FM-15,FEW:02 160 BKN:07 250,10,,33,0.6,30,-1,25,-3.9,72,10,250,,30.12,5,,30.14,0,30.14,,,,,,,,,,717,1652,,,,,,,,,,,,,,,,,,,,,,,,,,,,,,,,,,,,,,,,,,,-9999,-9999,,-9999,-9999,,,,,,
WBAN:94789,JFK INTERNATIONAL AIRPORT NY US,3.4,40.6386,-73.7622,15-01-2010 07:00,FM-12,,9.94,,33,0.6,30,-1,25,-3.9,72,10,250,,30.11,5,0.01,30.14,,,39,,,,,,,,,717,1652,,,,,,,,,,,,,,,,,,,,,,,,,,,,,,,,,,,,,,,,,,,-9999,-9999,,-9999,-9999,,,,,,
WBAN:94789,JFK INTERNATIONAL AIRPORT NY US,3.4,40.6386,-73.7622,15-01-2010 07:51,FM-15,FEW:02 160 BKN:07 250,10,,32,0,29,-1.4,25,-3.9,75,9,230,,30.12,,,30.14,0,30.14,,,,,,,,,,717,1652,,,,,,,,,,,,,,,,,,,,,,,,,,,,,,,,,,,,,,,,,,,-9999,-9999,,-9999,-9999,,,,,,
WBAN:94789,JFK INTERNATIONAL AIRPORT NY US,3.4,40.6386,-73.7622,15-01-2010 08:51,FM-15,SCT:04 65 BKN:07 250,10,,37,2.8,33,0.7,27,-2.8,67,9,250,,30.13,,,30.15,0,30.15,,,,,,,,,,717,1652,,,,,,,,,,,,,,,,,,,,,,,,,,,,,,,,,,,,,,,,,,,-9999,-9999,,-9999,-9999,,,,,,
WBAN:94789,JFK INTERNATIONAL AIRPORT NY US,3.4,40.6386,-73.7622,15-01-2010 09:51,FM-15,BKN:07 70 BKN:07 250,10,,38,3.3,34,1,27,-2.8,65,8,250,,30.14,3,,30.16,0,30.16,,,,,,,,,,717,1652,,,,,,,,,,,,,,,,,,,,,,,,,,,,,,,,,,,,,,,,,,,-9999,-9999,,-9999,-9999,,,,,,
WBAN:94789,JFK INTERNATIONAL AIRPORT NY US,3.4,40.6386,-73.7622,15-01-2010 10:00,FM-12,,9.94,,38,3.3,34,1,27,-2.8,65,8,250,,30.13,3,-0.01,30.16,,,,,,,,,,,,717,1652,,,,,,,,,,,,,,,,,,,,,,,,,,,,,,,,,,,,,,,,,,,-9999,-9999,,-9999,-9999,,,,,,
WBAN:94789,JFK INTERNATIONAL AIRPORT NY US,3.4,40.6386,-73.7622,15-01-2010 10:51,FM-15,OVC:08 70,10,,40,4.4,34,1.3,25,-3.9,55,8,230,,30.13,,,30.15,0,30.15,,,,,,,,,,717,1652,,,,,,,,,,,,,,,,,,,,,,,,,,,,,,,,,,,,,,,,,,,-9999,-9999,,-9999,-9999,,,,,,
WBAN:94789,JFK INTERNATIONAL AIRPORT NY US,3.4,40.6386,-73.7622,15-01-2010 11:51,FM-15,OVC:08 70,10,,41,5,35,1.8,26,-3.3,55,9,250,,30.1,,,30.12,0,30.12,,,,,,,,,,717,1652,,,,,,,,,,,,,,,,,,,,,,,,,,,,,,,,,,,,,,,,,,,-9999,-9999,,-9999,-9999,,,,,,
WBAN:94789,JFK INTERNATIONAL AIRPORT NY US,3.4,40.6386,-73.7622,15-01-2010 12:51,FM-15,BKN:07 70 BKN:07 250,10,,44,6.7,37,2.7,26,-3.3,49,9,260,,30.07,8,,30.09,0,30.09,,,,,,,,,,717,1652,,,,,,,,,,,,,,,,,,,,,,,,,,,,,,,,,,,,,,,,,,,-9999,-9999,,-9999,-9999,,,,,,
WBAN:94789,JFK INTERNATIONAL AIRPORT NY US,3.4,40.6386,-73.7622,15-01-2010 13:00,FM-12,,9.94,,44,6.7,37,2.7,26,-3.3,49,9,260,,30.06,8,0.06,30.09,,,,31,,,,,,,,717,1652,,,,,,,,,,,,,,,,,,,,,,,,,,,,,,,,,,,,,,,,,,,-9999,-9999,,-9999,-9999,,,,,,
WBAN:94789,JFK INTERNATIONAL AIRPORT NY US,3.4,40.6386,-73.7622,15-01-2010 13:51,FM-15,SCT:04 70 BKN:07 250,10,,48,8.9,39,4,26,-3.3,42,10,260,,30.05,,,30.07,0,30.07,,,,,,,,,,717,1652,,,,,,,,,,,,,,,,,,,,,,,,,,,,,,,,,,,,,,,,,,,-9999,-9999,,-9999,-9999,,,,,,
WBAN:94789,JFK INTERNATIONAL AIRPORT NY US,3.4,40.6386,-73.7622,15-01-2010 14:51,FM-15,FEW:02 70 BKN:07 250,10,,49,9.4,40,4.6,28,-2.2,44,15,290,,30.06,,,30.08,,30.08,,,,,,,,,,717,1652,,,,,,,,,,,,,,,,,,,,,,,,,,,,,,,,,,,,,,,,,,,-9999,-9999,,-9999,-9999,,,,,,
WBAN:94789,JFK INTERNATIONAL AIRPORT NY US,3.4,40.6386,-73.7622,15-01-2010 15:51,FM-15,FEW:02 70 BKN:07 250,10,,50,10,41,4.9,28,-2.2,43,18,310,,30.07,3,,30.09,0,30.09,,,,,,,,,,717,1652,,,,,,,,,,,,,,,,,,,,,,,,,,,,,,,,,,,,,,,,,,,-9999,-9999,,-9999,-9999,,,,,,
WBAN:94789,JFK INTERNATIONAL AIRPORT NY US,3.4,40.6386,-73.7622,15-01-2010 16:00,FM-12,,9.94,,50,10,41,4.9,28,-2.2,43,18,310,,30.06,3,0,30.09,,,,,,,,,,,,717,1652,,,,,,,,,,,,,,,,,,,,,,,,,,,,,,,,,,,,,,,,,,,-9999,-9999,,-9999,-9999,,,,,,
WBAN:94789,JFK INTERNATIONAL AIRPORT NY US,3.4,40.6386,-73.7622,15-01-2010 16:51,FM-15,FEW:02 70 BKN:07 250,10,,45,7.2,38,3.4,28,-2.2,52,18,320,23,30.11,,,30.13,0,30.13,,,,,,,,,,717,1652,,,,,,,,,,,,,,,,,,,,,,,,,,,,,,,,,,,,,,,,,,,-9999,-9999,,-9999,-9999,,,,,,
WBAN:94789,JFK INTERNATIONAL AIRPORT NY US,3.4,40.6386,-73.7622,15-01-2010 17:51,FM-15,FEW:02 70 BKN:07 250,10,,44,6.7,38,3.1,28,-2.2,53,14,320,,30.14,,,30.16,0,30.16,,,,,,,,,,717,1652,,,,,,,,,,,,,,,,,,,,,,,,,,,,,,,,,,,,,,,,,,,-9999,-9999,,-9999,-9999,,,,,,
WBAN:94789,JFK INTERNATIONAL AIRPORT NY US,3.4,40.6386,-73.7622,15-01-2010 18:51,FM-15,BKN:07 43 BKN:07 250,10,,45,7.2,38,3.2,27,-2.8,49,11,310,,30.16,1,,30.18,0,30.18,,,,,,,,,,717,1652,,,,,,,,,,,,,,,,,,,,,,,,,,,,,,,,,,,,,,,,,,,-9999,-9999,,-9999,-9999,,,,,,
WBAN:94789,JFK INTERNATIONAL AIRPORT NY US,3.4,40.6386,-73.7622,15-01-2010 19:00,FM-12,,9.94,,45,7.2,38,3.2,27,-2.8,49,11,310,,30.15,1,-0.08,30.18,,,,,,,,,,,,717,1654,,,,,,,,,,,,,,,,,,,,,,,,,,,,,,,,,,,,,,,,,,,-9999,-9999,,-9999,-9999,,,,,,
WBAN:94789,JFK INTERNATIONAL AIRPORT NY US,3.4,40.6386,-73.7622,15-01-2010 19:51,FM-15,BKN:07 41,10,,44,6.7,37,2.9,27,-2.8,51,14,330,,30.16,,,30.19,0,30.18,,,,,,,,,,717,1654,,,,,,,,,,,,,,,,,,,,,,,,,,,,,,,,,,,,,,,,,,,-9999,-9999,,-9999,-9999,,,,,,
WBAN:94789,JFK INTERNATIONAL AIRPORT NY US,3.4,40.6386,-73.7622,15-01-2010 20:51,FM-15,OVC:08 41,10,,44,6.7,37,2.9,27,-2.8,51,16,320,22,30.17,,,30.19,0,30.19,,,,,,,,,,717,1654,,,,,,,,,,,,,,,,,,,,,,,,,,,,,,,,,,,,,,,,,,,-9999,-9999,,-9999,-9999,,,,,,
WBAN:94789,JFK INTERNATIONAL AIRPORT NY US,3.4,40.6386,-73.7622,15-01-2010 21:51,FM-15,OVC:08 39,10,,42,5.6,36,2.3,27,-2.8,55,9,340,,30.19,3,,30.21,0,30.21,,,,,,,,,,717,1654,,,,,,,,,,,,,,,,,,,,,,,,,,,,,,,,,,,,,,,,,,,-9999,-9999,,-9999,-9999,,,,,,
WBAN:94789,JFK INTERNATIONAL AIRPORT NY US,3.4,40.6386,-73.7622,15-01-2010 22:00,FM-12,,9.94,,42,5.6,36,2.3,27,-2.8,55,9,340,,30.18,3,-0.04,30.21,,,,,,,,,,,,717,1654,,,,,,,,,,,,,,,,,,,,,,,,,,,,,,,,,,,,,,,,,,,-9999,-9999,,-9999,-9999,,,,,,
WBAN:94789,JFK INTERNATIONAL AIRPORT NY US,3.4,40.6386,-73.7622,15-01-2010 22:51,FM-15,OVC:08 39,10,,42,5.6,36,2.5,28,-2.2,58,7,350,,30.2,,,30.22,0,30.22,,,,,,,,,,717,1654,,,,,,,,,,,,,,,,,,,,,,,,,,,,,,,,,,,,,,,,,,,-9999,-9999,,-9999,-9999,,,,,,
WBAN:94789,JFK INTERNATIONAL AIRPORT NY US,3.4,40.6386,-73.7622,15-01-2010 23:51,FM-15,OVC:08 36,10,,41,5,36,2,27,-2.8,57,10,350,,30.19,,,30.21,0,30.21,,,,,,,,,,717,1654,,,,,,,,,,,,,,,,,,,,,,,,,,,,,,,,,,,,,,,,,,,-9999,-9999,,-9999,-9999,,,,,,
WBAN:94789,JFK INTERNATIONAL AIRPORT NY US,3.4,40.6386,-73.7622,15-01-2010 23:59,SOD,,,,,,,,,,,,,,,,,,,,50,27,39,6.6,60,26,34,26,0,717,1654,,0,0,0,30.12,30.15,10.7,28,320,24,310,,,,,,,,,,,,,,,,,,,,,,,,,,,,,,,,-9999,-9999,,-9999,-9999,,,,,,
WBAN:94789,JFK INTERNATIONAL AIRPORT NY US,3.4,40.6386,-73.7622,16-01-2010 00:51,FM-15,OVC:08 35,10,,40,4.4,35,1.6,27,-2.8,60,10,340,,30.17,8,,30.19,0,30.19,,,,,,,,,,717,1654,,,,,,,,,,,,,,,,,,,,,,,,,,,,,,,,,,,,,,,,,,,-9999,-9999,,-9999,-9999,,,,,,
WBAN:94789,JFK INTERNATIONAL AIRPORT NY US,3.4,40.6386,-73.7622,16-01-2010 01:00,FM-12,,9.94,,40,4.4,35,1.6,27,-2.8,60,10,340,,30.16,8,0.02,30.19,,,45,27,36,3.7,,,,29,0,717,1654,,,,,,,,,,,,,,,,,,,,,,,,,,,,,,,,,,,,,,,,,,,-9999,-9999,,-9999,-9999,,,,,,
WBAN:94789,JFK INTERNATIONAL AIRPORT NY US,3.4,40.6386,-73.7622,16-01-2010 01:51,FM-15,OVC:08 34,10,,39,3.9,34,1.1,26,-3.3,60,11,320,,30.18,,,30.2,0,30.2,,,,,,,,,,717,1654,,,,,,,,,,,,,,,,,,,,,,,,,,,,,,,,,,,,,,,,,,,-9999,-9999,,-9999,-9999,,,,,,
WBAN:94789,JFK INTERNATIONAL AIRPORT NY US,3.4,40.6386,-73.7622,16-01-2010 02:51,FM-15,OVC:08 33,10,,40,4.4,35,1.5,26,-3.3,58,9,310,,30.19,,,30.21,0,30.21,,,,,,,,,,717,1654,,,,,,,,,,,,,,,,,,,,,,,,,,,,,,,,,,,,,,,,,,,-9999,-9999,,-9999,-9999,,,,,,
WBAN:94789,JFK INTERNATIONAL AIRPORT NY US,3.4,40.6386,-73.7622,16-01-2010 03:51,FM-15,OVC:08 33,10,,40,4.4,35,1.5,26,-3.3,58,13,300,,30.19,1,,30.22,0,30.21,,,,,,,,,,717,1654,,,,,,,,,,,,,,,,,,,,,,,,,,,,,,,,,,,,,,,,,,,-9999,-9999,,-9999,-9999,,,,,,
WBAN:94789,JFK INTERNATIONAL AIRPORT NY US,3.4,40.6386,-73.7622,16-01-2010 04:00,FM-12,,9.94,,40,4.4,35,1.5,26,-3.3,58,13,300,,30.18,1,-0.02,30.22,,,,,,,,,,,,717,1654,,,,,,,,,,,,,,,,,,,,,,,,,,,,,,,,,,,,,,,,,,,-9999,-9999,,-9999,-9999,,,,,,
WBAN:94789,JFK INTERNATIONAL AIRPORT NY US,3.4,40.6386,-73.7622,16-01-2010 04:51,FM-15,OVC:08 33,10,,40,4.4,35,1.5,26,-3.3,58,11,290,,30.18,,,30.2,0,30.2,,,,,,,,,,717,1654,,,,,,,,,,,,,,,,,,,,,,,,,,,,,,,,,,,,,,,,,,,-9999,-9999,,-9999,-9999,,,,,,
WBAN:94789,JFK INTERNATIONAL AIRPORT NY US,3.4,40.6386,-73.7622,16-01-2010 05:51,FM-15,OVC:08 32,10,,39,3.9,34,1.1,26,-3.3,60,10,300,,30.19,,,30.21,0,30.21,,,,,,,,,,717,1654,,,,,,,,,,,,,,,,,,,,,,,,,,,,,,,,,,,,,,,,,,,-9999,-9999,,-9999,-9999,,,,,,
WBAN:94789,JFK INTERNATIONAL AIRPORT NY US,3.4,40.6386,-73.7622,16-01-2010 06:51,FM-15,OVC:08 32,10,,39,3.9,34,1.1,26,-3.3,60,14,290,,30.18,6,,30.2,0,30.2,,,,,,,,,,717,1654,,,,,,,,,,,,,,,,,,,,,,,,,,,,,,,,,,,,,,,,,,,-9999,-9999,,-9999,-9999,,,,,,
WBAN:94789,JFK INTERNATIONAL AIRPORT NY US,3.4,40.6386,-73.7622,16-01-2010 07:00,FM-12,,9.94,,39,3.9,34,1.1,26,-3.3,60,14,290,,30.17,6,0.01,30.2,,,50,,,,,,,,,717,1654,,,,,,,,,,,,,,,,,,,,,,,,,,,,,,,,,,,,,,,,,,,-9999,-9999,,-9999,-9999,,,,,,
WBAN:94789,JFK INTERNATIONAL AIRPORT NY US,3.4,40.6386,-73.7622,16-01-2010 07:51,FM-15,BKN:07 32,10,,38,3.3,33,0.6,25,-3.9,60,9,290,,30.2,,,30.22,0,30.22,,,,,,,,,,717,1654,,,,,,,,,,,,,,,,,,,,,,,,,,,,,,,,,,,,,,,,,,,-9999,-9999,,-9999,-9999,,,,,,
WBAN:94789,JFK INTERNATIONAL AIRPORT NY US,3.4,40.6386,-73.7622,16-01-2010 08:51,FM-15,SCT:04 32,10,,40,4.4,34,1.3,25,-3.9,55,14,280,,30.19,,,30.21,0,30.21,,,,,,,,,,717,1654,,,,,,,,,,,,,,,,,,,,,,,,,,,,,,,,,,,,,,,,,,,-9999,-9999,,-9999,-9999,,,,,,
WBAN:94789,JFK INTERNATIONAL AIRPORT NY US,3.4,40.6386,-73.7622,16-01-2010 09:51,FM-15,FEW:02 32 SCT:04 250,10,,43,6.1,36,2.4,26,-3.3,51,14,280,20,30.19,1,,30.21,0,30.21,,,,,,,,,,717,1654,,,,,,,,,,,,,,,,,,,,,,,,,,,,,,,,,,,,,,,,,,,-9999,-9999,,-9999,-9999,,,,,,
WBAN:94789,JFK INTERNATIONAL AIRPORT NY US,3.4,40.6386,-73.7622,16-01-2010 10:00,FM-12,,9.94,,43,6.1,36,2.4,26,-3.3,51,14,280,,30.18,1,-0.01,30.21,,,,,,,,,,,,717,1654,,,,,,,,,,,,,,,,,,,,,,,,,,,,,,,,,,,,,,,,,,,-9999,-9999,,-9999,-9999,,,,,,
WBAN:94789,JFK INTERNATIONAL AIRPORT NY US,3.4,40.6386,-73.7622,16-01-2010 10:51,FM-15,SCT:04 250,10,,44,6.7,37,2.7,26,-3.3,49,15,260,,30.18,,,30.2,0,30.2,,,,,,,,,,717,1654,,,,,,,,,,,,,,,,,,,,,,,,,,,,,,,,,,,,,,,,,,,-9999,-9999,,-9999,-9999,,,,,,
WBAN:94789,JFK INTERNATIONAL AIRPORT NY US,3.4,40.6386,-73.7622,16-01-2010 11:51,FM-15,SCT:04 250,10,,45,7.2,37,3,26,-3.3,48,15,290,23,30.15,,,30.17,0,30.17,,,,,,,,,,717,1654,,,,,,,,,,,,,,,,,,,,,,,,,,,,,,,,,,,,,,,,,,,-9999,-9999,,-9999,-9999,,,,,,
WBAN:94789,JFK INTERNATIONAL AIRPORT NY US,3.4,40.6386,-73.7622,16-01-2010 12:51,FM-15,SCT:04 250,10,,47,8.3,39,3.8,27,-2.8,46,16,270,,30.1,8,,30.12,0,30.12,,,,,,,,,,717,1654,,,,,,,,,,,,,,,,,,,,,,,,,,,,,,,,,,,,,,,,,,,-9999,-9999,,-9999,-9999,,,,,,
WBAN:94789,JFK INTERNATIONAL AIRPORT NY US,3.4,40.6386,-73.7622,16-01-2010 13:00,FM-12,,9.94,,47,8.3,39,3.8,27,-2.8,46,16,270,,30.09,8,0.09,30.12,,,,38,,,,,,,,717,1654,,,,,,,,,,,,,,,,,,,,,,,,,,,,,,,,,,,,,,,,,,,-9999,-9999,,-9999,-9999,,,,,,
WBAN:94789,JFK INTERNATIONAL AIRPORT NY US,3.4,40.6386,-73.7622,16-01-2010 13:51,FM-15,BKN:07 250,10,,48,8.9,39,4.1,27,-2.8,44,14,270,,30.08,,,30.1,0,30.1,,,,,,,,,,717,1654,,,,,,,,,,,,,,,,,,,,,,,,,,,,,,,,,,,,,,,,,,,-9999,-9999,,-9999,-9999,,,,,,
WBAN:94789,JFK INTERNATIONAL AIRPORT NY US,3.4,40.6386,-73.7622,16-01-2010 14:51,FM-15,BKN:07 250,10,,49,9.4,40,4.6,28,-2.2,44,13,270,,30.09,,,30.11,0,30.11,,,,,,,,,,717,1654,,,,,,,,,,,,,,,,,,,,,,,,,,,,,,,,,,,,,,,,,,,-9999,-9999,,-9999,-9999,,,,,,
WBAN:94789,JFK INTERNATIONAL AIRPORT NY US,3.4,40.6386,-73.7622,16-01-2010 15:51,FM-15,BKN:07 250,10,,49,9.4,40,4.6,28,-2.2,44,14,290,,30.09,5,,30.12,0,30.11,,,,,,,,,,717,1654,,,,,,,,,,,,,,,,,,,,,,,,,,,,,,,,,,,,,,,,,,,-9999,-9999,,-9999,-9999,,,,,,
WBAN:94789,JFK INTERNATIONAL AIRPORT NY US,3.4,40.6386,-73.7622,16-01-2010 16:00,FM-12,,9.94,,49,9.4,40,4.6,28,-2.2,44,14,290,,30.08,5,0.01,30.12,,,,,,,,,,,,717,1654,,,,,,,,,,,,,,,,,,,,,,,,,,,,,,,,,,,,,,,,,,,-9999,-9999,,-9999,-9999,,,,,,
WBAN:94789,JFK INTERNATIONAL AIRPORT NY US,3.4,40.6386,-73.7622,16-01-2010 16:51,FM-15,FEW:02 140 BKN:07 250,10,,44,6.7,38,3.1,28,-2.2,53,9,270,,30.12,,,30.14,0,30.14,,,,,,,,,,717,1654,,,,,,,,,,,,,,,,,,,,,,,,,,,,,,,,,,,,,,,,,,,-9999,-9999,,-9999,-9999,,,,,,
WBAN:94789,JFK INTERNATIONAL AIRPORT NY US,3.4,40.6386,-73.7622,16-01-2010 17:51,FM-15,FEW:02 140 BKN:07 250,10,,43,6.1,37,3,29,-1.7,58,9,260,,30.12,,,30.14,0,30.14,,,,,,,,,,717,1654,,,,,,,,,,,,,,,,,,,,,,,,,,,,,,,,,,,,,,,,,,,-9999,-9999,,-9999,-9999,,,,,,
WBAN:94789,JFK INTERNATIONAL AIRPORT NY US,3.4,40.6386,-73.7622,16-01-2010 18:51,FM-15,FEW:02 140 BKN:07 250,10,,40,4.4,35,1.8,28,-2.2,63,7,260,,30.12,1,,30.14,0,30.14,,,,,,,,,,717,1654,,,,,,,,,,,,,,,,,,,,,,,,,,,,,,,,,,,,,,,,,,,-9999,-9999,,-9999,-9999,,,,,,
WBAN:94789,JFK INTERNATIONAL AIRPORT NY US,3.4,40.6386,-73.7622,16-01-2010 19:00,FM-12,,9.94,,40,4.4,35,1.8,28,-2.2,63,7,260,,30.11,1,-0.03,30.14,,,,,,,,,,,,716,1655,,,,,,,,,,,,,,,,,,,,,,,,,,,,,,,,,,,,,,,,,,,-9999,-9999,,-9999,-9999,,,,,,
WBAN:94789,JFK INTERNATIONAL AIRPORT NY US,3.4,40.6386,-73.7622,16-01-2010 19:51,FM-15,FEW:02 120 BKN:07 250,10,,39,3.9,35,1.9,30,-1.1,70,8,260,,30.14,,,30.16,0,30.16,,,,,,,,,,716,1655,,,,,,,,,,,,,,,,,,,,,,,,,,,,,,,,,,,,,,,,,,,-9999,-9999,,-9999,-9999,,,,,,
WBAN:94789,JFK INTERNATIONAL AIRPORT NY US,3.4,40.6386,-73.7622,16-01-2010 20:51,FM-15,SCT:04 150 BKN:07 250,10,,40,4.4,36,2.4,31,-0.6,70,7,260,,30.14,,,30.16,0,30.16,,,,,,,,,,716,1655,,,,,,,,,,,,,,,,,,,,,,,,,,,,,,,,,,,,,,,,,,,-9999,-9999,,-9999,-9999,,,,,,
WBAN:94789,JFK INTERNATIONAL AIRPORT NY US,3.4,40.6386,-73.7622,16-01-2010 21:51,FM-15,BKN:07 150 BKN:07 250,10,,40,4.4,37,2.6,32,0,73,8,250,,30.15,1,,30.17,0,30.17,,,,,,,,,,716,1655,,,,,,,,,,,,,,,,,,,,,,,,,,,,,,,,,,,,,,,,,,,-9999,-9999,,-9999,-9999,,,,,,
WBAN:94789,JFK INTERNATIONAL AIRPORT NY US,3.4,40.6386,-73.7622,16-01-2010 22:00,FM-12,,9.94,,40,4.4,37,2.6,32,0,73,8,250,,30.14,1,-0.02,30.17,,,,,,,,,,,,716,1655,,,,,,,,,,,,,,,,,,,,,,,,,,,,,,,,,,,,,,,,,,,-9999,-9999,,-9999,-9999,,,,,,
